"欄ID","ページ","テーマ","向き","番号","解答","現ヒント","文字数","交差数","交差率","全交差時の最大手掛かり","交差相手","既出ページ","知識の種類","特定しやすさ","主担当の判断理由","想定別解と類似候補","曖昧さの評価","救済の上限","改訂案優先順位","実プレイ難度"
"P01-a3","1","くだもの","ヨコ","3","きんかん","皮ごと食べる、小さな柑橘","4","3","0.75","き○かん","1:P01-d2:かき / 3:P01-d4:かぼす / 4:P01-d1:みかん","","生活・文化知識","具体的な特徴・定義あり","皮ごと食べる小さな柑橘という特徴はある。初面には身近さに個人差がある柑橘3種が入り、入門の負荷を本人プレイで確認したい。","","登録した候補内では同文字数の自然な別解なし","最大3文字。解ける交差語に依存","","未測定（本人プレイなし）"
"P01-a5","1","くだもの","ヨコ","5","すだち","徳島名産。焼き魚にしぼる","3","1","0.3333","す○○","1:P01-d4:かぼす","","生活・文化知識","具体的な特徴・定義あり","徳島という地域条件でかぼすと区別。初面では交差すがかぼす由来で、柑橘を知らないと互いを助けにくい可能性。","かぼす（ヒントで除外・同文字数・全交差一致なし）名産地が異なる。焼き魚だけなら両方あり得るが全文では区別できる。","登録した候補内では同文字数の自然な別解なし","最大でも1文字。用語未想起の救済は限定的","","未測定（本人プレイなし）"
"P01-d1","1","くだもの","タテ","1","みかん","こたつの上の定番。冬のオレンジ色","3","1","0.3333","○○ん","3:P01-a3:きんかん","","日常語","具体的な特徴・定義あり","季節・見た目・食べ方という身近な特徴が手掛かり。","","登録した候補内では同文字数の自然な別解なし","最大でも1文字。用語未想起の救済は限定的","","未測定（本人プレイなし）"
"P01-d2","1","くだもの","タテ","2","かき","秋の果物。干すと甘くなる","2","1","0.5","○き","2:P01-a3:きんかん","","日常語","具体的な特徴・定義あり","季節・見た目・食べ方という身近な特徴が手掛かり。","","登録した候補内では同文字数の自然な別解なし","最大でも1文字。用語未想起の救済は限定的","","未測定（本人プレイなし）"
"P01-d4","1","くだもの","タテ","4","かぼす","大分名産、緑の柑橘","3","2","0.6667","か○す","1:P01-a3:きんかん / 3:P01-a5:すだち","","生活・文化知識","具体的な特徴・定義あり","大分という地域条件で他の柑橘と区別。初面のか○すは有用だが、名前を知らない場合の救済は保証されない。","すだち（ヒントで除外・同文字数・全交差一致なし）名産地が異なる。","登録した候補内では同文字数の自然な別解なし","最大2文字。解ける交差語に依存","","未測定（本人プレイなし）"
"P02-a2","2","どうぶつ","ヨコ","2","うさぎ","長い耳、ぴょんと跳ねる","3","2","0.6667","う○ぎ","1:P02-d2:うま / 3:P02-d1:やぎ","","日常語","具体的な特徴・定義あり","姿・鳴き声・生息場面などで動物を連想できる。生態の全例を定義する文ではない。","","登録した候補内では同文字数の自然な別解なし","最大2文字。解ける交差語に依存","","未測定（本人プレイなし）"
"P02-a3","2","どうぶつ","ヨコ","3","くま","冬眠する大きな動物","2","2","1","くま","1:P02-d3:くじら / 2:P02-d2:うま","","日常語","具体的な特徴・定義あり","姿・鳴き声・生息場面などで動物を連想できる。生態の全例を定義する文ではない。","","登録した候補内では同文字数の自然な別解なし","他の交差語を解けば全文字が得られる","","未測定（本人プレイなし）"
"P02-a4","2","どうぶつ","ヨコ","4","とら","しま模様の大きな猫科","2","1","0.5","○ら","2:P02-d3:くじら","","日常語","具体的な特徴・定義あり","姿・鳴き声・生息場面などで動物を連想できる。生態の全例を定義する文ではない。","","登録した候補内では同文字数の自然な別解なし","最大でも1文字。用語未想起の救済は限定的","","未測定（本人プレイなし）"
"P02-d1","2","どうぶつ","タテ","1","やぎ","手紙を食べてしまう歌の動物","2","1","0.5","○ぎ","2:P02-a2:うさぎ","","生活・文化知識","具体的な特徴・定義あり","歌・奈良公園・昔話を手掛かりにするため、その文化的連想を知っていることが助けになる。","","登録した候補内では同文字数の自然な別解なし","最大でも1文字。用語未想起の救済は限定的","","未測定（本人プレイなし）"
"P02-d2","2","どうぶつ","タテ","2","うま","競馬を走る動物","2","2","1","うま","1:P02-a2:うさぎ / 2:P02-a3:くま","","日常語","具体的な特徴・定義あり","姿・鳴き声・生息場面などで動物を連想できる。生態の全例を定義する文ではない。","","登録した候補内では同文字数の自然な別解なし","他の交差語を解けば全文字が得られる","","未測定（本人プレイなし）"
"P02-d3","2","どうぶつ","タテ","3","くじら","海の最大の生き物。潮を吹く","3","2","0.6667","く○ら","1:P02-a3:くま / 3:P02-a4:とら","","日常語","具体的な特徴・定義あり","最大という語は分類群の全個体の性質ではなく代表例の連想。潮を吹くと3文字から鯨は自然。生物学的な厳密定義とは区別。","","登録した候補内では同文字数の自然な別解なし","最大2文字。解ける交差語に依存","","未測定（本人プレイなし）"
"P03-a1","3","しぜん","ヨコ","1","かぜ","木の葉をゆらす空気の流れ","2","1","0.5","か○","1:P03-d1:かみなり","","日常語","具体的な特徴・定義あり","身近な自然の特徴が手掛かり。短い言い換えなので文字数と交差も合わせて読む。","","登録した候補内では同文字数の自然な別解なし","最大でも1文字。用語未想起の救済は限定的","","未測定（本人プレイなし）"
"P03-a2","3","しぜん","ヨコ","2","いずみ","地面からわき出る水","3","2","0.6667","い○み","1:P03-d2:いわ / 3:P03-d1:かみなり","","日常語","具体的な特徴・定義あり","身近な自然の特徴が手掛かり。短い言い換えなので文字数と交差も合わせて読む。","わきみず（自然な別解・異文字数・全交差一致なし）湧き出る水という説明は重なるが4文字で区別。","登録した候補内では同文字数の自然な別解なし","最大2文字。解ける交差語に依存","","未測定（本人プレイなし）"
"P03-a3","3","しぜん","ヨコ","3","なみ","海辺に寄せては返す","2","1","0.5","な○","1:P03-d1:かみなり","","日常語","具体的な特徴・定義あり","身近な自然の特徴が手掛かり。短い言い換えなので文字数と交差も合わせて読む。","","登録した候補内では同文字数の自然な別解なし","最大でも1文字。用語未想起の救済は限定的","","未測定（本人プレイなし）"
"P03-a4","3","しぜん","ヨコ","4","きり","白くたちこめる水の粒","2","1","0.5","○り","2:P03-d1:かみなり","","日常語","具体的な特徴・定義あり","身近な自然の特徴が手掛かり。短い言い換えなので文字数と交差も合わせて読む。","","登録した候補内では同文字数の自然な別解なし","最大でも1文字。用語未想起の救済は限定的","","未測定（本人プレイなし）"
"P03-d1","3","しぜん","タテ","1","かみなり","ゴロゴロ、ピカッ","4","4","1","かみなり","1:P03-a1:かぜ / 2:P03-a2:いずみ / 3:P03-a3:なみ / 4:P03-a4:きり","","日常語","具体的な特徴・定義あり","身近な自然の特徴が手掛かり。短い言い換えなので文字数と交差も合わせて読む。","らいめい（近いが条件差あり・同文字数・全交差一致なし）雷鳴は音のみ。ピカッもあるため雷全体の方が適合する。","登録した候補内では同文字数の自然な別解なし","他の交差語を解けば全文字が得られる","","未測定（本人プレイなし）"
"P03-d2","3","しぜん","タテ","2","いわ","大きな石","2","1","0.5","い○","1:P03-a2:いずみ","","日常語","具体的な特徴・定義あり","身近な自然の特徴が手掛かり。短い言い換えなので文字数と交差も合わせて読む。","がんせき（自然な別解・異文字数・全交差一致なし）岩石という言い方も浮かぶが文字数が異なる。","登録した候補内では同文字数の自然な別解なし","最大でも1文字。用語未想起の救済は限定的","","未測定（本人プレイなし）"
"P04-a2","4","たべもの","ヨコ","2","さしみ","生の魚を切ったもの","3","2","0.6667","さし○","1:P04-d2:さとう / 2:P04-d1:すし","","日常語","具体的な特徴・定義あり","材料・形・調理法・用途から食べ物を連想できる。","","登録した候補内では同文字数の自然な別解なし","最大2文字。解ける交差語に依存","","未測定（本人プレイなし）"
"P04-a3","4","たべもの","ヨコ","3","うめぼし","酸っぱい、おにぎりの具","4","2","0.5","う○○し","1:P04-d2:さとう / 4:P04-d4:しお","","日常語","具体的な特徴・定義あり","材料・形・調理法・用途から食べ物を連想できる。","","登録した候補内では同文字数の自然な別解なし","最大2文字。解ける交差語に依存","","未測定（本人プレイなし）"
"P04-a6","4","たべもの","ヨコ","6","おにぎり","手でにぎったご飯","4","2","0.5","お○○り","1:P04-d4:しお / 4:P04-d5:のり","","日常語","同義語が11面の全交差でも残る","おむすびも同じ食べ物の4文字の別名。4面は末尾りで除外できるが、11面は先頭おだけで区別不能。4面を解いた経験は別名を不正解にする根拠にはならない。","おむすび（自然な別解・同文字数・全交差一致なし）農林水産省の解説でも中身は同じで呼称が異なると説明。","自然な同文字数別解あり・全交差で除外可能","最大2文字。解ける交差語に依存","2","未測定（本人プレイなし）"
"P04-d1","4","たべもの","タテ","1","すし","酢飯に魚をのせた料理","2","1","0.5","○し","2:P04-a2:さしみ","","日常語","具体的な特徴・定義あり","材料・形・調理法・用途から食べ物を連想できる。","","登録した候補内では同文字数の自然な別解なし","最大でも1文字。用語未想起の救済は限定的","","未測定（本人プレイなし）"
"P04-d2","4","たべもの","タテ","2","さとう","甘い調味料","3","2","0.6667","さ○う","1:P04-a2:さしみ / 3:P04-a3:うめぼし","","日常語","具体的な特徴・定義あり","材料・形・調理法・用途から食べ物を連想できる。","","登録した候補内では同文字数の自然な別解なし","最大2文字。解ける交差語に依存","","未測定（本人プレイなし）"
"P04-d4","4","たべもの","タテ","4","しお","しょっぱい調味料","2","2","1","しお","1:P04-a3:うめぼし / 2:P04-a6:おにぎり","","日常語","具体的な特徴・定義あり","材料・形・調理法・用途から食べ物を連想できる。","","登録した候補内では同文字数の自然な別解なし","他の交差語を解けば全文字が得られる","","未測定（本人プレイなし）"
"P04-d5","4","たべもの","タテ","5","のり","おにぎりを巻く黒い海藻","2","1","0.5","○り","2:P04-a6:おにぎり","","日常語","具体的な特徴・定義あり","材料・形・調理法・用途から食べ物を連想できる。","","登録した候補内では同文字数の自然な別解なし","最大でも1文字。用語未想起の救済は限定的","","未測定（本人プレイなし）"
"P05-a2","5","いえ","ヨコ","2","はし","二本で食べる道具","2","2","1","はし","1:P05-d2:はさみ / 2:P05-d1:ぼうし","","日常語","具体的な特徴・定義あり","道具の用途から連想する短いヒント。用途だけでは複数の道具が浮かぶ場合がある。","","登録した候補内では同文字数の自然な別解なし","他の交差語を解けば全文字が得られる","","未測定（本人プレイなし）"
"P05-a4","5","いえ","ヨコ","4","かがみ","姿をうつす","3","2","0.6667","か○み","1:P05-d3:やかん / 3:P05-d2:はさみ","","日常語","具体的な特徴・定義あり","道具の用途から連想する短いヒント。用途だけでは複数の道具が浮かぶ場合がある。","","登録した候補内では同文字数の自然な別解なし","最大2文字。解ける交差語に依存","","未測定（本人プレイなし）"
"P05-a5","5","いえ","ヨコ","5","かばん","荷物を入れて持つ","3","2","0.6667","か○ん","1:P05-d5:かさ / 3:P05-d3:やかん","","日常語","ヒント単独では複数の道具が自然","道具の用途から連想する短いヒント。用途だけでは複数の道具が浮かぶ場合がある。","ばっぐ（自然な別解・同文字数・全交差一致なし）同じ用途の3文字。交差で区別。 / ふくろ（自然な別解・同文字数・全交差一致なし）荷物を入れて持つ3文字の容器。交差で区別。","自然な同文字数別解あり・全交差で除外可能","最大2文字。解ける交差語に依存","","未測定（本人プレイなし）"
"P05-d1","5","いえ","タテ","1","ぼうし","頭にかぶるもの","3","1","0.3333","○○し","3:P05-a2:はし","","日常語","具体的な特徴・定義あり","道具の用途から連想する短いヒント。用途だけでは複数の道具が浮かぶ場合がある。","","登録した候補内では同文字数の自然な別解なし","最大でも1文字。用語未想起の救済は限定的","","未測定（本人プレイなし）"
"P05-d2","5","いえ","タテ","2","はさみ","紙を切る道具","3","2","0.6667","は○み","1:P05-a2:はし / 3:P05-a4:かがみ","","日常語","具体的な特徴・定義あり","道具の用途から連想する短いヒント。用途だけでは複数の道具が浮かぶ場合がある。","","登録した候補内では同文字数の自然な別解なし","最大2文字。解ける交差語に依存","","未測定（本人プレイなし）"
"P05-d3","5","いえ","タテ","3","やかん","お湯をわかす","3","2","0.6667","○かん","2:P05-a4:かがみ / 3:P05-a5:かばん","","日常語","ヒント単独では複数の道具が自然","道具の用途から連想する短いヒント。用途だけでは複数の道具が浮かぶ場合がある。","ぽっと（自然な別解・同文字数・全交差一致なし）湯を沸かすポットを連想できる。同じ3文字だが交差で区別。 / けとる（自然な別解・同文字数・全交差一致なし）同用途の別名3文字。交差で区別。","自然な同文字数別解あり・全交差で除外可能","最大2文字。解ける交差語に依存","","未測定（本人プレイなし）"
"P05-d5","5","いえ","タテ","5","かさ","雨の日にさす","2","1","0.5","か○","1:P05-a5:かばん","","日常語","具体的な特徴・定義あり","道具の用途から連想する短いヒント。用途だけでは複数の道具が浮かぶ場合がある。","","登録した候補内では同文字数の自然な別解なし","最大でも1文字。用語未想起の救済は限定的","","未測定（本人プレイなし）"
"P06-a1","6","きせつ","ヨコ","1","ゆかた","夏祭りに着る","3","1","0.3333","ゆ○○","1:P06-d1:ゆきだるま","","生活・文化知識","具体的な特徴・定義あり","衣服・植物・日付・行事の結び付きを使う。季節の文化に触れた経験で負荷が変わる。","","登録した候補内では同文字数の自然な別解なし","最大でも1文字。用語未想起の救済は限定的","","未測定（本人プレイなし）"
"P06-a2","6","きせつ","ヨコ","2","すすき","月見に飾る、秋の草","3","1","0.3333","○○き","3:P06-d1:ゆきだるま","","生活・文化知識","具体的な特徴・定義あり","衣服・植物・日付・行事の結び付きを使う。季節の文化に触れた経験で負荷が変わる。","","登録した候補内では同文字数の自然な別解なし","最大でも1文字。用語未想起の救済は限定的","","未測定（本人プレイなし）"
"P06-a4","6","きせつ","ヨコ","4","ほたる","夏の夜に光る虫","3","1","0.3333","○○る","3:P06-d1:ゆきだるま","","日常語","具体的な特徴・定義あり","季節の代表的な物や情景から連想できる。季節の全例を定義する文ではない。","","登録した候補内では同文字数の自然な別解なし","最大でも1文字。用語未想起の救済は限定的","","未測定（本人プレイなし）"
"P06-a5","6","きせつ","ヨコ","5","まめまき","節分の行事。鬼は外","4","2","0.5","ま○ま○","1:P06-d1:ゆきだるま / 3:P06-d3:ひなまつり","","生活・文化知識","具体的な特徴・定義あり","衣服・植物・日付・行事の結び付きを使う。季節の文化に触れた経験で負荷が変わる。","","登録した候補内では同文字数の自然な別解なし","最大2文字。解ける交差語に依存","","未測定（本人プレイなし）"
"P06-a7","6","きせつ","ヨコ","7","かきごおり","夏の冷たい氷菓","5","2","0.4","○き○○り","2:P06-d6:つきみ / 5:P06-d3:ひなまつり","","日常語","具体的な特徴・定義あり","季節の代表的な物や情景から連想できる。季節の全例を定義する文ではない。","","登録した候補内では同文字数の自然な別解なし","最大2文字。解ける交差語に依存","","未測定（本人プレイなし）"
"P06-d1","6","きせつ","タテ","1","ゆきだるま","雪で作る人形","5","4","0.8","ゆき○るま","1:P06-a1:ゆかた / 2:P06-a2:すすき / 4:P06-a4:ほたる / 5:P06-a5:まめまき","","日常語","具体的な特徴・定義あり","季節の代表的な物や情景から連想できる。季節の全例を定義する文ではない。","","登録した候補内では同文字数の自然な別解なし","最大4文字。解ける交差語に依存","","未測定（本人プレイなし）"
"P06-d3","6","きせつ","タテ","3","ひなまつり","三月三日、女の子の節句","5","2","0.4","○○ま○り","3:P06-a5:まめまき / 5:P06-a7:かきごおり","","生活・文化知識","具体的な特徴・定義あり","衣服・植物・日付・行事の結び付きを使う。季節の文化に触れた経験で負荷が変わる。","","登録した候補内では同文字数の自然な別解なし","最大2文字。解ける交差語に依存","","未測定（本人プレイなし）"
"P06-d6","6","きせつ","タテ","6","つきみ","秋の夜、だんごを供えて","3","1","0.3333","○き○","2:P06-a7:かきごおり","","生活・文化知識","具体的な特徴・定義あり","衣服・植物・日付・行事の結び付きを使う。季節の文化に触れた経験で負荷が変わる。","","登録した候補内では同文字数の自然な別解なし","最大でも1文字。用語未想起の救済は限定的","","未測定（本人プレイなし）"
"P07-a2","7","まち","ヨコ","2","ひこうき","空を飛ぶ乗り物","4","1","0.25","○○う○","3:P07-d1:くうこう","","日常語","具体的な特徴・定義あり","乗り物・施設・町の設備の代表的な用途を示している。","","登録した候補内では同文字数の自然な別解なし","最大でも1文字。用語未想起の救済は限定的","","未測定（本人プレイなし）"
"P07-a3","7","まち","ヨコ","3","がっこう","子どもが勉強しに行く","4","2","0.5","○○こう","3:P07-d4:こうえん / 4:P07-d1:くうこう","","日常語","具体的な特徴・定義あり","乗り物・施設・町の設備の代表的な用途を示している。","","登録した候補内では同文字数の自然な別解なし","最大2文字。解ける交差語に依存","","未測定（本人プレイなし）"
"P07-a6","7","まち","ヨコ","6","えき","電車に乗る所","2","1","0.5","え○","1:P07-d4:こうえん","","日常語","具体的な特徴・定義あり","乗り物・施設・町の設備の代表的な用途を示している。","","登録した候補内では同文字数の自然な別解なし","最大でも1文字。用語未想起の救済は限定的","","未測定（本人プレイなし）"
"P07-a7","7","まち","ヨコ","7","ゆうびん","手紙を届けるしくみ","4","2","0.5","○う○ん","2:P07-d5:とうだい / 4:P07-d4:こうえん","","日常語","具体的な特徴・定義あり","乗り物・施設・町の設備の代表的な用途を示している。","","登録した候補内では同文字数の自然な別解なし","最大2文字。解ける交差語に依存","","未測定（本人プレイなし）"
"P07-a8","7","まち","ヨコ","8","かいだん","上り下りする段","4","1","0.25","○い○○","2:P07-d5:とうだい","","日常語","具体的な特徴・定義あり","乗り物・施設・町の設備の代表的な用途を示している。","","登録した候補内では同文字数の自然な別解なし","最大でも1文字。用語未想起の救済は限定的","","未測定（本人プレイなし）"
"P07-d1","7","まち","タテ","1","くうこう","飛行機が発着する所","4","2","0.5","○う○う","2:P07-a2:ひこうき / 4:P07-a3:がっこう","","日常語","具体的な特徴・定義あり","乗り物・施設・町の設備の代表的な用途を示している。","","登録した候補内では同文字数の自然な別解なし","最大2文字。解ける交差語に依存","","未測定（本人プレイなし）"
"P07-d4","7","まち","タテ","4","こうえん","すべり台やブランコがある","4","3","0.75","こ○えん","1:P07-a3:がっこう / 3:P07-a6:えき / 4:P07-a7:ゆうびん","","日常語","具体的な特徴・定義あり","乗り物・施設・町の設備の代表的な用途を示している。","","登録した候補内では同文字数の自然な別解なし","最大3文字。解ける交差語に依存","","未測定（本人プレイなし）"
"P07-d5","7","まち","タテ","5","とうだい","海を照らす塔","4","2","0.5","○う○い","2:P07-a7:ゆうびん / 4:P07-a8:かいだん","","日常語","具体的な特徴・定義あり","乗り物・施設・町の設備の代表的な用途を示している。","","登録した候補内では同文字数の自然な別解なし","最大2文字。解ける交差語に依存","","未測定（本人プレイなし）"
"P08-a2","8","どうぶつ","ヨコ","2","くじら","海の最大の生き物。潮を吹く","3","2","0.6667","く○ら","1:P08-d2:くま / 3:P08-d1:あざらし","2","日常語","具体的な特徴・定義あり","最大という語は分類群の全個体の性質ではなく代表例の連想。潮を吹くと3文字から鯨は自然。生物学的な厳密定義とは区別。","","登録した候補内では同文字数の自然な別解なし","最大2文字。解ける交差語に依存","","未測定（本人プレイなし）"
"P08-a3","8","どうぶつ","ヨコ","3","うま","競馬を走る動物","2","2","1","うま","1:P08-d3:うさぎ / 2:P08-d2:くま","2","日常語","具体的な特徴・定義あり","姿・鳴き声・生息場面などで動物を連想できる。生態の全例を定義する文ではない。","","登録した候補内では同文字数の自然な別解なし","他の交差語を解けば全文字が得られる","","未測定（本人プレイなし）"
"P08-a4","8","どうぶつ","ヨコ","4","しか","奈良公園でせんべいを食べる","2","2","1","しか","1:P08-d1:あざらし / 2:P08-d5:かえる","","生活・文化知識","具体的な特徴・定義あり","歌・奈良公園・昔話を手掛かりにするため、その文化的連想を知っていることが助けになる。","","登録した候補内では同文字数の自然な別解なし","他の交差語を解けば全文字が得られる","","未測定（本人プレイなし）"
"P08-a6","8","どうぶつ","ヨコ","6","やぎ","手紙を食べてしまう歌の動物","2","1","0.5","○ぎ","2:P08-d3:うさぎ","2","生活・文化知識","具体的な特徴・定義あり","歌・奈良公園・昔話を手掛かりにするため、その文化的連想を知っていることが助けになる。","","登録した候補内では同文字数の自然な別解なし","最大でも1文字。用語未想起の救済は限定的","","未測定（本人プレイなし）"
"P08-a7","8","どうぶつ","ヨコ","7","いるか","頭のよい海の生き物。キュイ","3","1","0.3333","○る○","2:P08-d5:かえる","","日常語","具体的な特徴・定義あり","頭のよさ・キュイという鳴き声は主観的な連想。海の生き物と3文字を合わせて読む。科学の厳密定義としては扱わない。","","登録した候補内では同文字数の自然な別解なし","最大でも1文字。用語未想起の救済は限定的","","未測定（本人プレイなし）"
"P08-d1","8","どうぶつ","タテ","1","あざらし","氷の上でごろり、海の動物","4","2","0.5","○○らし","3:P08-a2:くじら / 4:P08-a4:しか","","日常語","具体的な特徴・定義あり","姿・鳴き声・生息場面などで動物を連想できる。生態の全例を定義する文ではない。","","登録した候補内では同文字数の自然な別解なし","最大2文字。解ける交差語に依存","","未測定（本人プレイなし）"
"P08-d2","8","どうぶつ","タテ","2","くま","冬眠する大きな動物","2","2","1","くま","1:P08-a2:くじら / 2:P08-a3:うま","2","日常語","具体的な特徴・定義あり","姿・鳴き声・生息場面などで動物を連想できる。生態の全例を定義する文ではない。","","登録した候補内では同文字数の自然な別解なし","他の交差語を解けば全文字が得られる","","未測定（本人プレイなし）"
"P08-d3","8","どうぶつ","タテ","3","うさぎ","長い耳、ぴょんと跳ねる","3","2","0.6667","う○ぎ","1:P08-a3:うま / 3:P08-a6:やぎ","2","日常語","具体的な特徴・定義あり","姿・鳴き声・生息場面などで動物を連想できる。生態の全例を定義する文ではない。","","登録した候補内では同文字数の自然な別解なし","最大2文字。解ける交差語に依存","","未測定（本人プレイなし）"
"P08-d5","8","どうぶつ","タテ","5","かえる","ケロケロ鳴く。おたまじゃくしが育つ","3","2","0.6667","か○る","1:P08-a4:しか / 3:P08-a7:いるか","","日常語","具体的な特徴・定義あり","姿・鳴き声・生息場面などで動物を連想できる。生態の全例を定義する文ではない。","","登録した候補内では同文字数の自然な別解なし","最大2文字。解ける交差語に依存","","未測定（本人プレイなし）"
"P09-a2","9","くだもの","ヨコ","2","すいか","夏の大玉。割って食べる","3","2","0.6667","す○か","1:P09-d2:すもも / 3:P09-d3:かき","","日常語","具体的な特徴・定義あり","季節・見た目・食べ方という身近な特徴が手掛かり。","","登録した候補内では同文字数の自然な別解なし","最大2文字。解ける交差語に依存","","未測定（本人プレイなし）"
"P09-a4","9","くだもの","ヨコ","4","もも","産毛のある、甘いピンクの果物","2","1","0.5","○も","2:P09-d2:すもも","","日常語","具体的な特徴・定義あり","季節・見た目・食べ方という身近な特徴が手掛かり。","","登録した候補内では同文字数の自然な別解なし","最大でも1文字。用語未想起の救済は限定的","","未測定（本人プレイなし）"
"P09-a5","9","くだもの","ヨコ","5","きんかん","皮ごと食べる、小さな柑橘","4","3","0.75","き○かん","1:P09-d3:かき / 3:P09-d6:かぼす / 4:P09-d1:みかん","1","生活・文化知識","具体的な特徴・定義あり","皮ごと食べる小さな柑橘という特徴はある。初面には身近さに個人差がある柑橘3種が入り、入門の負荷を本人プレイで確認したい。","","登録した候補内では同文字数の自然な別解なし","最大3文字。解ける交差語に依存","","未測定（本人プレイなし）"
"P09-a8","9","くだもの","ヨコ","8","すだち","徳島名産。焼き魚にしぼる","3","2","0.6667","す○ち","1:P09-d6:かぼす / 3:P09-d7:いちご","1","生活・文化知識","具体的な特徴・定義あり","徳島という地域条件でかぼすと区別。初面では交差すがかぼす由来で、柑橘を知らないと互いを助けにくい可能性。","かぼす（ヒントで除外・同文字数・全交差一致なし）名産地が異なる。焼き魚だけなら両方あり得るが全文では区別できる。","登録した候補内では同文字数の自然な別解なし","最大2文字。解ける交差語に依存","","未測定（本人プレイなし）"
"P09-d1","9","くだもの","タテ","1","みかん","こたつの上の定番。冬のオレンジ色","3","1","0.3333","○○ん","3:P09-a5:きんかん","1","日常語","具体的な特徴・定義あり","季節・見た目・食べ方という身近な特徴が手掛かり。","","登録した候補内では同文字数の自然な別解なし","最大でも1文字。用語未想起の救済は限定的","","未測定（本人プレイなし）"
"P09-d2","9","くだもの","タテ","2","すもも","プラムのこと。もも、とは別物","3","2","0.6667","すも○","1:P09-a2:すいか / 2:P09-a4:もも","","生活・文化知識","具体的な特徴・定義あり","柑橘の種類・名産地やプラムという別名の知識に依存。日常的な接触には個人差がある。","","登録した候補内では同文字数の自然な別解なし","最大2文字。解ける交差語に依存","","未測定（本人プレイなし）"
"P09-d3","9","くだもの","タテ","3","かき","秋の果物。干すと甘くなる","2","2","1","かき","1:P09-a2:すいか / 2:P09-a5:きんかん","1","日常語","具体的な特徴・定義あり","季節・見た目・食べ方という身近な特徴が手掛かり。","","登録した候補内では同文字数の自然な別解なし","他の交差語を解けば全文字が得られる","","未測定（本人プレイなし）"
"P09-d6","9","くだもの","タテ","6","かぼす","大分名産、緑の柑橘","3","2","0.6667","か○す","1:P09-a5:きんかん / 3:P09-a8:すだち","1","生活・文化知識","具体的な特徴・定義あり","大分という地域条件で他の柑橘と区別。初面のか○すは有用だが、名前を知らない場合の救済は保証されない。","すだち（ヒントで除外・同文字数・全交差一致なし）名産地が異なる。","登録した候補内では同文字数の自然な別解なし","最大2文字。解ける交差語に依存","","未測定（本人プレイなし）"
"P09-d7","9","くだもの","タテ","7","いちご","ショートケーキの上の赤い実","3","1","0.3333","○ち○","2:P09-a8:すだち","","日常語","具体的な特徴・定義あり","季節・見た目・食べ方という身近な特徴が手掛かり。","","登録した候補内では同文字数の自然な別解なし","最大でも1文字。用語未想起の救済は限定的","","未測定（本人プレイなし）"
"P10-a3","10","しぜん","ヨコ","3","かみなり","ゴロゴロ、ピカッ","4","4","1","かみなり","1:P10-d3:かわ / 2:P10-d1:うみ / 3:P10-d4:なみ / 4:P10-d2:もり","3","日常語","具体的な特徴・定義あり","身近な自然の特徴が手掛かり。短い言い換えなので文字数と交差も合わせて読む。","らいめい（近いが条件差あり・同文字数・全交差一致なし）雷鳴は音のみ。ピカッもあるため雷全体の方が適合する。","登録した候補内では同文字数の自然な別解なし","他の交差語を解けば全文字が得られる","","未測定（本人プレイなし）"
"P10-a5","10","しぜん","ヨコ","5","いわ","大きな石","2","2","1","いわ","1:P10-d5:いけ / 2:P10-d3:かわ","3","日常語","具体的な特徴・定義あり","身近な自然の特徴が手掛かり。短い言い換えなので文字数と交差も合わせて読む。","がんせき（自然な別解・異文字数・全交差一致なし）岩石という言い方も浮かぶが文字数が異なる。","登録した候補内では同文字数の自然な別解なし","他の交差語を解けば全文字が得られる","","未測定（本人プレイなし）"
"P10-a6","10","しぜん","ヨコ","6","こけ","岩をおおう、しっとりした緑","2","1","0.5","○け","2:P10-d5:いけ","","日常語","具体的な特徴・定義あり","身近な自然の特徴が手掛かり。短い言い換えなので文字数と交差も合わせて読む。","","登録した候補内では同文字数の自然な別解なし","最大でも1文字。用語未想起の救済は限定的","","未測定（本人プレイなし）"
"P10-d1","10","しぜん","タテ","1","うみ","青くて広い、しょっぱい水","2","1","0.5","○み","2:P10-a3:かみなり","","日常語","具体的な特徴・定義あり","身近な自然の特徴が手掛かり。短い言い換えなので文字数と交差も合わせて読む。","","登録した候補内では同文字数の自然な別解なし","最大でも1文字。用語未想起の救済は限定的","","未測定（本人プレイなし）"
"P10-d2","10","しぜん","タテ","2","もり","木がたくさん集まった所","2","1","0.5","○り","2:P10-a3:かみなり","","日常語","具体的な特徴・定義あり","身近な自然の特徴が手掛かり。短い言い換えなので文字数と交差も合わせて読む。","はやし（自然な別解・異文字数・全交差一致なし）木が集まる所という説明は重なるが3文字で区別。","登録した候補内では同文字数の自然な別解なし","最大でも1文字。用語未想起の救済は限定的","","未測定（本人プレイなし）"
"P10-d3","10","しぜん","タテ","3","かわ","山から海へ流れる水","2","2","1","かわ","1:P10-a3:かみなり / 2:P10-a5:いわ","","日常語","具体的な特徴・定義あり","身近な自然の特徴が手掛かり。短い言い換えなので文字数と交差も合わせて読む。","","登録した候補内では同文字数の自然な別解なし","他の交差語を解けば全文字が得られる","","未測定（本人プレイなし）"
"P10-d4","10","しぜん","タテ","4","なみ","海辺に寄せては返す","2","1","0.5","な○","1:P10-a3:かみなり","3","日常語","具体的な特徴・定義あり","身近な自然の特徴が手掛かり。短い言い換えなので文字数と交差も合わせて読む。","","登録した候補内では同文字数の自然な別解なし","最大でも1文字。用語未想起の救済は限定的","","未測定（本人プレイなし）"
"P10-d5","10","しぜん","タテ","5","いけ","鯉が泳ぐ、小さな水たまり","2","2","1","いけ","1:P10-a5:いわ / 2:P10-a6:こけ","","日常語","具体的な特徴・定義あり","身近な自然の特徴が手掛かり。短い言い換えなので文字数と交差も合わせて読む。","ぬま（自然な別解・同文字数・全交差一致なし）鯉が泳ぐ小さな水域は沼も浮かぶ。ただし「水たまり」の連想には個人差あり。","自然な同文字数別解あり・全交差で除外可能","他の交差語を解けば全文字が得られる","","未測定（本人プレイなし）"
"P11-a1","11","たべもの","ヨコ","1","おにぎり","手でにぎったご飯","4","1","0.25","お○○○","1:P11-d1:おでん","4","日常語","同義語が11面の全交差でも残る","おむすびも同じ食べ物の4文字の別名。4面は末尾りで除外できるが、11面は先頭おだけで区別不能。4面を解いた経験は別名を不正解にする根拠にはならない。","おむすび（自然な別解・同文字数・全交差一致）農林水産省の解説でも中身は同じで呼称が異なると説明。","自然な別解が全交差後も残る","最大でも1文字。用語未想起の救済は限定的","2","未測定（本人プレイなし）"
"P11-a2","11","たべもの","ヨコ","2","だんご","串に刺した丸いもの。花より○○","3","2","0.6667","○んご","2:P11-d1:おでん / 3:P11-d3:ごはん","","生活・文化知識","具体的な特徴・定義あり","ことわざ・地域の料理・季節行事の知識が手掛かり。生活圏による差はあり得る。","","登録した候補内では同文字数の自然な別解なし","最大2文字。解ける交差語に依存","","未測定（本人プレイなし）"
"P11-a5","11","たべもの","ヨコ","5","うどん","讃岐名物の太い麺","3","2","0.6667","う○ん","1:P11-d5:うめぼし / 3:P11-d3:ごはん","","生活・文化知識","具体的な特徴・定義あり","ことわざ・地域の料理・季節行事の知識が手掛かり。生活圏による差はあり得る。","","登録した候補内では同文字数の自然な別解なし","最大2文字。解ける交差語に依存","","未測定（本人プレイなし）"
"P11-a6","11","たべもの","ヨコ","6","しお","しょっぱい調味料","2","2","1","しお","1:P11-d4:すし / 2:P11-d7:おかゆ","4","日常語","具体的な特徴・定義あり","材料・形・調理法・用途から食べ物を連想できる。","","登録した候補内では同文字数の自然な別解なし","他の交差語を解けば全文字が得られる","","未測定（本人プレイなし）"
"P11-a8","11","たべもの","ヨコ","8","かまぼこ","板にのった白とピンク","4","2","0.5","か○ぼ○","1:P11-d7:おかゆ / 3:P11-d5:うめぼし","","日常語","具体的な特徴・定義あり","材料・形・調理法・用途から食べ物を連想できる。","","登録した候補内では同文字数の自然な別解なし","最大2文字。解ける交差語に依存","","未測定（本人プレイなし）"
"P11-d1","11","たべもの","タテ","1","おでん","冬の煮込み。大根、ちくわぶ","3","2","0.6667","お○ん","1:P11-a1:おにぎり / 3:P11-a2:だんご","","生活・文化知識","具体的な特徴・定義あり","ことわざ・地域の料理・季節行事の知識が手掛かり。生活圏による差はあり得る。","","登録した候補内では同文字数の自然な別解なし","最大2文字。解ける交差語に依存","","未測定（本人プレイなし）"
"P11-d3","11","たべもの","タテ","3","ごはん","炊いたお米","3","2","0.6667","ご○ん","1:P11-a2:だんご / 3:P11-a5:うどん","","日常語","具体的な特徴・定義あり","材料・形・調理法・用途から食べ物を連想できる。","","登録した候補内では同文字数の自然な別解なし","最大2文字。解ける交差語に依存","","未測定（本人プレイなし）"
"P11-d4","11","たべもの","タテ","4","すし","酢飯に魚をのせた料理","2","1","0.5","○し","2:P11-a6:しお","4","日常語","具体的な特徴・定義あり","材料・形・調理法・用途から食べ物を連想できる。","","登録した候補内では同文字数の自然な別解なし","最大でも1文字。用語未想起の救済は限定的","","未測定（本人プレイなし）"
"P11-d5","11","たべもの","タテ","5","うめぼし","酸っぱい、おにぎりの具","4","2","0.5","う○ぼ○","1:P11-a5:うどん / 3:P11-a8:かまぼこ","4","日常語","具体的な特徴・定義あり","材料・形・調理法・用途から食べ物を連想できる。","","登録した候補内では同文字数の自然な別解なし","最大2文字。解ける交差語に依存","","未測定（本人プレイなし）"
"P11-d7","11","たべもの","タテ","7","おかゆ","風邪のときのやわらかいご飯","3","2","0.6667","おか○","1:P11-a6:しお / 2:P11-a8:かまぼこ","","日常語","具体的な特徴・定義あり","材料・形・調理法・用途から食べ物を連想できる。","","登録した候補内では同文字数の自然な別解なし","最大2文字。解ける交差語に依存","","未測定（本人プレイなし）"
"P12-a2","12","いえ","ヨコ","2","ちゃわん","ご飯を盛る器","4","1","0.25","○○○ん","4:P12-d1:えんぴつ","","日常語","具体的な特徴・定義あり","道具の用途から連想する短いヒント。用途だけでは複数の道具が浮かぶ場合がある。","","登録した候補内では同文字数の自然な別解なし","最大でも1文字。用語未想起の救済は限定的","","未測定（本人プレイなし）"
"P12-a3","12","いえ","ヨコ","3","こたつ","冬にもぐる暖かい机","3","2","0.6667","○たつ","2:P12-d4:たんす / 3:P12-d1:えんぴつ","","生活・文化知識","具体的な特徴・定義あり","和室や昔ながらの家具の経験が手掛かり。使った経験がない人には語彙負荷がある。","","登録した候補内では同文字数の自然な別解なし","最大2文字。解ける交差語に依存","","未測定（本人プレイなし）"
"P12-a5","12","いえ","ヨコ","5","ふすま","和室の仕切りの戸","3","3","1","ふすま","1:P12-d5:ふとん / 2:P12-d4:たんす / 3:P12-d6:まくら","","生活・文化知識","ヒント単独では複数の道具が自然","和室や昔ながらの家具の経験が手掛かり。使った経験がない人には語彙負荷がある。","しょうじ（自然な別解・異文字数・全交差一致なし）和室の仕切りの戸という用途は重なるが4文字で区別。","登録した候補内では同文字数の自然な別解なし","他の交差語を解けば全文字が得られる","","未測定（本人プレイなし）"
"P12-a7","12","いえ","ヨコ","7","くつ","足にはくもの","2","1","0.5","く○","1:P12-d6:まくら","","日常語","ヒント単独では複数の道具が自然","道具の用途から連想する短いヒント。用途だけでは複数の道具が浮かぶ場合がある。","たび（自然な別解・同文字数・全交差一致なし）足にはくものに該当する2文字。交差くで除外可能。 / くつした（自然な別解・異文字数・全交差一致なし）4文字で区別。","自然な同文字数別解あり・全交差で除外可能","最大でも1文字。用語未想起の救済は限定的","","未測定（本人プレイなし）"
"P12-a8","12","いえ","ヨコ","8","やかん","お湯をわかす","3","2","0.6667","○かん","2:P12-d9:かがみ / 3:P12-d5:ふとん","5","日常語","ヒント単独では複数の道具が自然","道具の用途から連想する短いヒント。用途だけでは複数の道具が浮かぶ場合がある。","ぽっと（自然な別解・同文字数・全交差一致なし）湯を沸かすポットを連想できる。同じ3文字だが交差で区別。 / けとる（自然な別解・同文字数・全交差一致なし）同用途の別名3文字。交差で区別。","自然な同文字数別解あり・全交差で除外可能","最大2文字。解ける交差語に依存","","未測定（本人プレイなし）"
"P12-a10","12","いえ","ヨコ","10","はさみ","紙を切る道具","3","1","0.3333","○○み","3:P12-d9:かがみ","5","日常語","具体的な特徴・定義あり","道具の用途から連想する短いヒント。用途だけでは複数の道具が浮かぶ場合がある。","","登録した候補内では同文字数の自然な別解なし","最大でも1文字。用語未想起の救済は限定的","","未測定（本人プレイなし）"
"P12-d1","12","いえ","タテ","1","えんぴつ","書いて消せる、木の筆記具","4","2","0.5","○ん○つ","2:P12-a2:ちゃわん / 4:P12-a3:こたつ","","日常語","具体的な特徴・定義あり","道具の用途から連想する短いヒント。用途だけでは複数の道具が浮かぶ場合がある。","","登録した候補内では同文字数の自然な別解なし","最大2文字。解ける交差語に依存","","未測定（本人プレイなし）"
"P12-d4","12","いえ","タテ","4","たんす","服をしまう家具","3","2","0.6667","た○す","1:P12-a3:こたつ / 3:P12-a5:ふすま","","生活・文化知識","具体的な特徴・定義あり","和室や昔ながらの家具の経験が手掛かり。使った経験がない人には語彙負荷がある。","","登録した候補内では同文字数の自然な別解なし","最大2文字。解ける交差語に依存","","未測定（本人プレイなし）"
"P12-d5","12","いえ","タテ","5","ふとん","寝るときに敷く","3","2","0.6667","ふ○ん","1:P12-a5:ふすま / 3:P12-a8:やかん","","日常語","具体的な特徴・定義あり","道具の用途から連想する短いヒント。用途だけでは複数の道具が浮かぶ場合がある。","しきもの（近いが条件差あり・異文字数・全交差一致なし）敷物は広い分類。寝具の文脈と3文字で絞れる。","登録した候補内では同文字数の自然な別解なし","最大2文字。解ける交差語に依存","","未測定（本人プレイなし）"
"P12-d6","12","いえ","タテ","6","まくら","寝るとき頭をのせる","3","2","0.6667","まく○","1:P12-a5:ふすま / 2:P12-a7:くつ","","日常語","具体的な特徴・定義あり","道具の用途から連想する短いヒント。用途だけでは複数の道具が浮かぶ場合がある。","","登録した候補内では同文字数の自然な別解なし","最大2文字。解ける交差語に依存","","未測定（本人プレイなし）"
"P12-d9","12","いえ","タテ","9","かがみ","姿をうつす","3","2","0.6667","か○み","1:P12-a8:やかん / 3:P12-a10:はさみ","5","日常語","具体的な特徴・定義あり","道具の用途から連想する短いヒント。用途だけでは複数の道具が浮かぶ場合がある。","","登録した候補内では同文字数の自然な別解なし","最大2文字。解ける交差語に依存","","未測定（本人プレイなし）"
"P13-a2","13","きせつ","ヨコ","2","なつ","海水浴の季節","2","1","0.5","な○","1:P13-d1:ひなまつり","","日常語","具体的な特徴・定義あり","季節の代表的な物や情景から連想できる。季節の全例を定義する文ではない。","","登録した候補内では同文字数の自然な別解なし","最大でも1文字。用語未想起の救済は限定的","","未測定（本人プレイなし）"
"P13-a3","13","きせつ","ヨコ","3","ふゆ","雪の季節","2","1","0.5","○ゆ","2:P13-d4:ゆかた","","日常語","具体的な特徴・定義あり","季節の代表的な物や情景から連想できる。季節の全例を定義する文ではない。","","登録した候補内では同文字数の自然な別解なし","最大でも1文字。用語未想起の救済は限定的","","未測定（本人プレイなし）"
"P13-a6","13","きせつ","ヨコ","6","かきごおり","夏の冷たい氷菓","5","3","0.6","か○○おり","1:P13-d4:ゆかた / 4:P13-d7:おまつり / 5:P13-d1:ひなまつり","6","日常語","具体的な特徴・定義あり","季節の代表的な物や情景から連想できる。季節の全例を定義する文ではない。","","登録した候補内では同文字数の自然な別解なし","最大3文字。解ける交差語に依存","","未測定（本人プレイなし）"
"P13-a8","13","きせつ","ヨコ","8","たなばた","七月七日、短冊に願い","4","2","0.5","○な○た","2:P13-d5:はなび / 4:P13-d4:ゆかた","","生活・文化知識","具体的な特徴・定義あり","衣服・植物・日付・行事の結び付きを使う。季節の文化に触れた経験で負荷が変わる。","","登録した候補内では同文字数の自然な別解なし","最大2文字。解ける交差語に依存","","未測定（本人プレイなし）"
"P13-a10","13","きせつ","ヨコ","10","つきみ","秋の夜、だんごを供えて","3","2","0.6667","つ○み","1:P13-d7:おまつり / 3:P13-d9:せみ","6","生活・文化知識","具体的な特徴・定義あり","衣服・植物・日付・行事の結び付きを使う。季節の文化に触れた経験で負荷が変わる。","","登録した候補内では同文字数の自然な別解なし","最大2文字。解ける交差語に依存","","未測定（本人プレイなし）"
"P13-a11","13","きせつ","ヨコ","11","こいのぼり","五月の空を泳ぐ","5","1","0.2","○○○○り","5:P13-d7:おまつり","","生活・文化知識","具体的な特徴・定義あり","衣服・植物・日付・行事の結び付きを使う。季節の文化に触れた経験で負荷が変わる。","","登録した候補内では同文字数の自然な別解なし","最大でも1文字。用語未想起の救済は限定的","","未測定（本人プレイなし）"
"P13-d1","13","きせつ","タテ","1","ひなまつり","三月三日、女の子の節句","5","2","0.4","○な○○り","2:P13-a2:なつ / 5:P13-a6:かきごおり","6","生活・文化知識","具体的な特徴・定義あり","衣服・植物・日付・行事の結び付きを使う。季節の文化に触れた経験で負荷が変わる。","","登録した候補内では同文字数の自然な別解なし","最大2文字。解ける交差語に依存","","未測定（本人プレイなし）"
"P13-d4","13","きせつ","タテ","4","ゆかた","夏祭りに着る","3","3","1","ゆかた","1:P13-a3:ふゆ / 2:P13-a6:かきごおり / 3:P13-a8:たなばた","6","生活・文化知識","具体的な特徴・定義あり","衣服・植物・日付・行事の結び付きを使う。季節の文化に触れた経験で負荷が変わる。","","登録した候補内では同文字数の自然な別解なし","他の交差語を解けば全文字が得られる","","未測定（本人プレイなし）"
"P13-d5","13","きせつ","タテ","5","はなび","夏の夜空にひらく光","3","1","0.3333","○な○","2:P13-a8:たなばた","","日常語","具体的な特徴・定義あり","季節の代表的な物や情景から連想できる。季節の全例を定義する文ではない。","","登録した候補内では同文字数の自然な別解なし","最大でも1文字。用語未想起の救済は限定的","","未測定（本人プレイなし）"
"P13-d7","13","きせつ","タテ","7","おまつり","みこしと屋台","4","3","0.75","お○つり","1:P13-a6:かきごおり / 3:P13-a10:つきみ / 4:P13-a11:こいのぼり","","生活・文化知識","具体的な特徴・定義あり","衣服・植物・日付・行事の結び付きを使う。季節の文化に触れた経験で負荷が変わる。","","登録した候補内では同文字数の自然な別解なし","最大3文字。解ける交差語に依存","","未測定（本人プレイなし）"
"P13-d9","13","きせつ","タテ","9","せみ","夏にミンミン鳴く虫","2","1","0.5","○み","2:P13-a10:つきみ","","日常語","具体的な特徴・定義あり","季節の代表的な物や情景から連想できる。季節の全例を定義する文ではない。","","登録した候補内では同文字数の自然な別解なし","最大でも1文字。用語未想起の救済は限定的","","未測定（本人プレイなし）"
"P14-a2","14","まち","ヨコ","2","みち","人や車が通る所","2","1","0.5","み○","1:P14-d2:みなと","","日常語","具体的な特徴・定義あり","乗り物・施設・町の設備の代表的な用途を示している。","","登録した候補内では同文字数の自然な別解なし","最大でも1文字。用語未想起の救済は限定的","","未測定（本人プレイなし）"
"P14-a3","14","まち","ヨコ","3","とうだい","海を照らす塔","4","1","0.25","○う○○","2:P14-d1:ゆうびん","7","日常語","具体的な特徴・定義あり","乗り物・施設・町の設備の代表的な用途を示している。","","登録した候補内では同文字数の自然な別解なし","最大でも1文字。用語未想起の救済は限定的","","未測定（本人プレイなし）"
"P14-a4","14","まち","ヨコ","4","としょかん","本を借りる所","5","3","0.6","と○○かん","1:P14-d2:みなと / 4:P14-d5:かいだん / 5:P14-d1:ゆうびん","","日常語","具体的な特徴・定義あり","乗り物・施設・町の設備の代表的な用途を示している。","","登録した候補内では同文字数の自然な別解なし","最大3文字。解ける交差語に依存","","未測定（本人プレイなし）"
"P14-a8","14","まち","ヨコ","8","こうえん","すべり台やブランコがある","4","3","0.75","こ○えん","1:P14-d6:ひこうき / 3:P14-d9:えき / 4:P14-d5:かいだん","7","日常語","具体的な特徴・定義あり","乗り物・施設・町の設備の代表的な用途を示している。","","登録した候補内では同文字数の自然な別解なし","最大3文字。解ける交差語に依存","","未測定（本人プレイなし）"
"P14-a10","14","まち","ヨコ","10","しんごう","赤・黄・青の灯り","4","2","0.5","○ん○う","2:P14-d7:ぎんこう / 4:P14-d6:ひこうき","","日常語","具体的な特徴・定義あり","乗り物・施設・町の設備の代表的な用途を示している。","","登録した候補内では同文字数の自然な別解なし","最大2文字。解ける交差語に依存","","未測定（本人プレイなし）"
"P14-a11","14","まち","ヨコ","11","ほどう","人が歩く道","3","1","0.3333","○○う","3:P14-d7:ぎんこう","","日常語","具体的な特徴・定義あり","乗り物・施設・町の設備の代表的な用途を示している。","","登録した候補内では同文字数の自然な別解なし","最大でも1文字。用語未想起の救済は限定的","","未測定（本人プレイなし）"
"P14-d1","14","まち","タテ","1","ゆうびん","手紙を届けるしくみ","4","2","0.5","○う○ん","2:P14-a3:とうだい / 4:P14-a4:としょかん","7","日常語","具体的な特徴・定義あり","乗り物・施設・町の設備の代表的な用途を示している。","","登録した候補内では同文字数の自然な別解なし","最大2文字。解ける交差語に依存","","未測定（本人プレイなし）"
"P14-d2","14","まち","タテ","2","みなと","船が泊まる所","3","2","0.6667","み○と","1:P14-a2:みち / 3:P14-a4:としょかん","","日常語","具体的な特徴・定義あり","乗り物・施設・町の設備の代表的な用途を示している。","","登録した候補内では同文字数の自然な別解なし","最大2文字。解ける交差語に依存","","未測定（本人プレイなし）"
"P14-d5","14","まち","タテ","5","かいだん","上り下りする段","4","2","0.5","か○○ん","1:P14-a4:としょかん / 4:P14-a8:こうえん","7","日常語","具体的な特徴・定義あり","乗り物・施設・町の設備の代表的な用途を示している。","","登録した候補内では同文字数の自然な別解なし","最大2文字。解ける交差語に依存","","未測定（本人プレイなし）"
"P14-d6","14","まち","タテ","6","ひこうき","空を飛ぶ乗り物","4","2","0.5","○こう○","2:P14-a8:こうえん / 3:P14-a10:しんごう","7","日常語","具体的な特徴・定義あり","乗り物・施設・町の設備の代表的な用途を示している。","","登録した候補内では同文字数の自然な別解なし","最大2文字。解ける交差語に依存","","未測定（本人プレイなし）"
"P14-d7","14","まち","タテ","7","ぎんこう","お金を預ける所","4","2","0.5","○ん○う","2:P14-a10:しんごう / 4:P14-a11:ほどう","","日常語","具体的な特徴・定義あり","乗り物・施設・町の設備の代表的な用途を示している。","","登録した候補内では同文字数の自然な別解なし","最大2文字。解ける交差語に依存","","未測定（本人プレイなし）"
"P14-d9","14","まち","タテ","9","えき","電車に乗る所","2","1","0.5","え○","1:P14-a8:こうえん","7","日常語","具体的な特徴・定義あり","乗り物・施設・町の設備の代表的な用途を示している。","","登録した候補内では同文字数の自然な別解なし","最大でも1文字。用語未想起の救済は限定的","","未測定（本人プレイなし）"
"P15-a2","15","どうぶつ","ヨコ","2","うさぎ","長い耳、ぴょんと跳ねる","3","2","0.6667","う○ぎ","1:P15-d2:うま / 3:P15-d1:やぎ","2 / 8","日常語","具体的な特徴・定義あり","姿・鳴き声・生息場面などで動物を連想できる。生態の全例を定義する文ではない。","","登録した候補内では同文字数の自然な別解なし","最大2文字。解ける交差語に依存","","未測定（本人プレイなし）"
"P15-a3","15","どうぶつ","ヨコ","3","くま","冬眠する大きな動物","2","2","1","くま","1:P15-d3:くじら / 2:P15-d2:うま","2 / 8","日常語","具体的な特徴・定義あり","姿・鳴き声・生息場面などで動物を連想できる。生態の全例を定義する文ではない。","","登録した候補内では同文字数の自然な別解なし","他の交差語を解けば全文字が得られる","","未測定（本人プレイなし）"
"P15-a4","15","どうぶつ","ヨコ","4","あざらし","氷の上でごろり、海の動物","4","2","0.5","○○らし","3:P15-d3:くじら / 4:P15-d5:しか","8","日常語","具体的な特徴・定義あり","姿・鳴き声・生息場面などで動物を連想できる。生態の全例を定義する文ではない。","","登録した候補内では同文字数の自然な別解なし","最大2文字。解ける交差語に依存","","未測定（本人プレイなし）"
"P15-a6","15","どうぶつ","ヨコ","6","いぬ","ワンと鳴く、人の友","2","1","0.5","い○","1:P15-d6:いるか","","日常語","具体的な特徴・定義あり","姿・鳴き声・生息場面などで動物を連想できる。生態の全例を定義する文ではない。","","登録した候補内では同文字数の自然な別解なし","最大でも1文字。用語未想起の救済は限定的","","未測定（本人プレイなし）"
"P15-a7","15","どうぶつ","ヨコ","7","かえる","ケロケロ鳴く。おたまじゃくしが育つ","3","2","0.6667","か○る","1:P15-d5:しか / 3:P15-d6:いるか","8","日常語","具体的な特徴・定義あり","姿・鳴き声・生息場面などで動物を連想できる。生態の全例を定義する文ではない。","","登録した候補内では同文字数の自然な別解なし","最大2文字。解ける交差語に依存","","未測定（本人プレイなし）"
"P15-a8","15","どうぶつ","ヨコ","8","かば","大きな口、水辺で暮らす","2","1","0.5","か○","1:P15-d6:いるか","","日常語","具体的な特徴・定義あり","姿・鳴き声・生息場面などで動物を連想できる。生態の全例を定義する文ではない。","","登録した候補内では同文字数の自然な別解なし","最大でも1文字。用語未想起の救済は限定的","","未測定（本人プレイなし）"
"P15-d1","15","どうぶつ","タテ","1","やぎ","手紙を食べてしまう歌の動物","2","1","0.5","○ぎ","2:P15-a2:うさぎ","2 / 8","生活・文化知識","具体的な特徴・定義あり","歌・奈良公園・昔話を手掛かりにするため、その文化的連想を知っていることが助けになる。","","登録した候補内では同文字数の自然な別解なし","最大でも1文字。用語未想起の救済は限定的","","未測定（本人プレイなし）"
"P15-d2","15","どうぶつ","タテ","2","うま","競馬を走る動物","2","2","1","うま","1:P15-a2:うさぎ / 2:P15-a3:くま","2 / 8","日常語","具体的な特徴・定義あり","姿・鳴き声・生息場面などで動物を連想できる。生態の全例を定義する文ではない。","","登録した候補内では同文字数の自然な別解なし","他の交差語を解けば全文字が得られる","","未測定（本人プレイなし）"
"P15-d3","15","どうぶつ","タテ","3","くじら","海の最大の生き物。潮を吹く","3","2","0.6667","く○ら","1:P15-a3:くま / 3:P15-a4:あざらし","2 / 8","日常語","具体的な特徴・定義あり","最大という語は分類群の全個体の性質ではなく代表例の連想。潮を吹くと3文字から鯨は自然。生物学的な厳密定義とは区別。","","登録した候補内では同文字数の自然な別解なし","最大2文字。解ける交差語に依存","","未測定（本人プレイなし）"
"P15-d5","15","どうぶつ","タテ","5","しか","奈良公園でせんべいを食べる","2","2","1","しか","1:P15-a4:あざらし / 2:P15-a7:かえる","8","生活・文化知識","具体的な特徴・定義あり","歌・奈良公園・昔話を手掛かりにするため、その文化的連想を知っていることが助けになる。","","登録した候補内では同文字数の自然な別解なし","他の交差語を解けば全文字が得られる","","未測定（本人プレイなし）"
"P15-d6","15","どうぶつ","タテ","6","いるか","頭のよい海の生き物。キュイ","3","3","1","いるか","1:P15-a6:いぬ / 2:P15-a7:かえる / 3:P15-a8:かば","8","日常語","具体的な特徴・定義あり","頭のよさ・キュイという鳴き声は主観的な連想。海の生き物と3文字を合わせて読む。科学の厳密定義としては扱わない。","","登録した候補内では同文字数の自然な別解なし","他の交差語を解けば全文字が得られる","","未測定（本人プレイなし）"
"P16-a2","16","しぜん","ヨコ","2","いけ","鯉が泳ぐ、小さな水たまり","2","2","1","いけ","1:P16-d2:いわ / 2:P16-d1:こけ","10","日常語","具体的な特徴・定義あり","身近な自然の特徴が手掛かり。短い言い換えなので文字数と交差も合わせて読む。","ぬま（自然な別解・同文字数・全交差一致なし）鯉が泳ぐ小さな水域は沼も浮かぶ。ただし「水たまり」の連想には個人差あり。","自然な同文字数別解あり・全交差で除外可能","他の交差語を解けば全文字が得られる","","未測定（本人プレイなし）"
"P16-a3","16","しぜん","ヨコ","3","かわ","山から海へ流れる水","2","2","1","かわ","1:P16-d3:かみなり / 2:P16-d2:いわ","10","日常語","具体的な特徴・定義あり","身近な自然の特徴が手掛かり。短い言い換えなので文字数と交差も合わせて読む。","","登録した候補内では同文字数の自然な別解なし","他の交差語を解けば全文字が得られる","","未測定（本人プレイなし）"
"P16-a4","16","しぜん","ヨコ","4","うみ","青くて広い、しょっぱい水","2","1","0.5","○み","2:P16-d3:かみなり","10","日常語","具体的な特徴・定義あり","身近な自然の特徴が手掛かり。短い言い換えなので文字数と交差も合わせて読む。","","登録した候補内では同文字数の自然な別解なし","最大でも1文字。用語未想起の救済は限定的","","未測定（本人プレイなし）"
"P16-a5","16","しぜん","ヨコ","5","なみ","海辺に寄せては返す","2","1","0.5","な○","1:P16-d3:かみなり","3 / 10","日常語","具体的な特徴・定義あり","身近な自然の特徴が手掛かり。短い言い換えなので文字数と交差も合わせて読む。","","登録した候補内では同文字数の自然な別解なし","最大でも1文字。用語未想起の救済は限定的","","未測定（本人プレイなし）"
"P16-a6","16","しぜん","ヨコ","6","もり","木がたくさん集まった所","2","1","0.5","○り","2:P16-d3:かみなり","10","日常語","具体的な特徴・定義あり","身近な自然の特徴が手掛かり。短い言い換えなので文字数と交差も合わせて読む。","はやし（自然な別解・異文字数・全交差一致なし）木が集まる所という説明は重なるが3文字で区別。","登録した候補内では同文字数の自然な別解なし","最大でも1文字。用語未想起の救済は限定的","","未測定（本人プレイなし）"
"P16-d1","16","しぜん","タテ","1","こけ","岩をおおう、しっとりした緑","2","1","0.5","○け","2:P16-a2:いけ","10","日常語","具体的な特徴・定義あり","身近な自然の特徴が手掛かり。短い言い換えなので文字数と交差も合わせて読む。","","登録した候補内では同文字数の自然な別解なし","最大でも1文字。用語未想起の救済は限定的","","未測定（本人プレイなし）"
"P16-d2","16","しぜん","タテ","2","いわ","大きな石","2","2","1","いわ","1:P16-a2:いけ / 2:P16-a3:かわ","3 / 10","日常語","具体的な特徴・定義あり","身近な自然の特徴が手掛かり。短い言い換えなので文字数と交差も合わせて読む。","がんせき（自然な別解・異文字数・全交差一致なし）岩石という言い方も浮かぶが文字数が異なる。","登録した候補内では同文字数の自然な別解なし","他の交差語を解けば全文字が得られる","","未測定（本人プレイなし）"
"P16-d3","16","しぜん","タテ","3","かみなり","ゴロゴロ、ピカッ","4","4","1","かみなり","1:P16-a3:かわ / 2:P16-a4:うみ / 3:P16-a5:なみ / 4:P16-a6:もり","3 / 10","日常語","具体的な特徴・定義あり","身近な自然の特徴が手掛かり。短い言い換えなので文字数と交差も合わせて読む。","らいめい（近いが条件差あり・同文字数・全交差一致なし）雷鳴は音のみ。ピカッもあるため雷全体の方が適合する。","登録した候補内では同文字数の自然な別解なし","他の交差語を解けば全文字が得られる","","未測定（本人プレイなし）"
"P17-a3","17","たべもの","ヨコ","3","さとう","甘い調味料","3","2","0.6667","さ○う","1:P17-d3:さしみ / 3:P17-d1:とうふ","4","日常語","具体的な特徴・定義あり","材料・形・調理法・用途から食べ物を連想できる。","","登録した候補内では同文字数の自然な別解なし","最大2文字。解ける交差語に依存","","未測定（本人プレイなし）"
"P17-a4","17","たべもの","ヨコ","4","すし","酢飯に魚をのせた料理","2","1","0.5","○し","2:P17-d5:しお","4 / 11","日常語","具体的な特徴・定義あり","材料・形・調理法・用途から食べ物を連想できる。","","登録した候補内では同文字数の自然な別解なし","最大でも1文字。用語未想起の救済は限定的","","未測定（本人プレイなし）"
"P17-a7","17","たべもの","ヨコ","7","うめぼし","酸っぱい、おにぎりの具","4","3","0.75","うめ○し","1:P17-d7:うどん / 2:P17-d2:まめ / 4:P17-d3:さしみ","4 / 11","日常語","具体的な特徴・定義あり","材料・形・調理法・用途から食べ物を連想できる。","","登録した候補内では同文字数の自然な別解なし","最大3文字。解ける交差語に依存","","未測定（本人プレイなし）"
"P17-a8","17","たべもの","ヨコ","8","おでん","冬の煮込み。大根、ちくわぶ","3","2","0.6667","お○ん","1:P17-d5:しお / 3:P17-d6:だんご","11","生活・文化知識","具体的な特徴・定義あり","ことわざ・地域の料理・季節行事の知識が手掛かり。生活圏による差はあり得る。","","登録した候補内では同文字数の自然な別解なし","最大2文字。解ける交差語に依存","","未測定（本人プレイなし）"
"P17-a9","17","たべもの","ヨコ","9","みそ","みそ汁の材料","2","2","1","みそ","1:P17-d3:さしみ / 2:P17-d10:そば","","日常語","具体的な特徴・定義あり","ヒントのみそ汁に答え自体が含まれ、17面でも容易な入口になり得る。後半が常に難化する構成ではない証拠。","","登録した候補内では同文字数の自然な別解なし","他の交差語を解けば全文字が得られる","","未測定（本人プレイなし）"
"P17-a11","17","たべもの","ヨコ","11","ごはん","炊いたお米","3","2","0.6667","ご○ん","1:P17-d6:だんご / 3:P17-d7:うどん","11","日常語","具体的な特徴・定義あり","材料・形・調理法・用途から食べ物を連想できる。","","登録した候補内では同文字数の自然な別解なし","最大2文字。解ける交差語に依存","","未測定（本人プレイなし）"
"P17-d1","17","たべもの","タテ","1","とうふ","大豆から作る白い四角","3","1","0.3333","○う○","2:P17-a3:さとう","","日常語","具体的な特徴・定義あり","材料・形・調理法・用途から食べ物を連想できる。","","登録した候補内では同文字数の自然な別解なし","最大でも1文字。用語未想起の救済は限定的","","未測定（本人プレイなし）"
"P17-d2","17","たべもの","タテ","2","まめ","節分にまくもの","2","1","0.5","○め","2:P17-a7:うめぼし","","生活・文化知識","具体的な特徴・定義あり","ことわざ・地域の料理・季節行事の知識が手掛かり。生活圏による差はあり得る。","","登録した候補内では同文字数の自然な別解なし","最大でも1文字。用語未想起の救済は限定的","","未測定（本人プレイなし）"
"P17-d3","17","たべもの","タテ","3","さしみ","生の魚を切ったもの","3","3","1","さしみ","1:P17-a3:さとう / 2:P17-a7:うめぼし / 3:P17-a9:みそ","4","日常語","具体的な特徴・定義あり","材料・形・調理法・用途から食べ物を連想できる。","","登録した候補内では同文字数の自然な別解なし","他の交差語を解けば全文字が得られる","","未測定（本人プレイなし）"
"P17-d5","17","たべもの","タテ","5","しお","しょっぱい調味料","2","2","1","しお","1:P17-a4:すし / 2:P17-a8:おでん","4 / 11","日常語","具体的な特徴・定義あり","材料・形・調理法・用途から食べ物を連想できる。","","登録した候補内では同文字数の自然な別解なし","他の交差語を解けば全文字が得られる","","未測定（本人プレイなし）"
"P17-d6","17","たべもの","タテ","6","だんご","串に刺した丸いもの。花より○○","3","2","0.6667","○んご","2:P17-a8:おでん / 3:P17-a11:ごはん","11","生活・文化知識","具体的な特徴・定義あり","ことわざ・地域の料理・季節行事の知識が手掛かり。生活圏による差はあり得る。","","登録した候補内では同文字数の自然な別解なし","最大2文字。解ける交差語に依存","","未測定（本人プレイなし）"
"P17-d7","17","たべもの","タテ","7","うどん","讃岐名物の太い麺","3","2","0.6667","う○ん","1:P17-a7:うめぼし / 3:P17-a11:ごはん","11","生活・文化知識","具体的な特徴・定義あり","ことわざ・地域の料理・季節行事の知識が手掛かり。生活圏による差はあり得る。","","登録した候補内では同文字数の自然な別解なし","最大2文字。解ける交差語に依存","","未測定（本人プレイなし）"
"P17-d10","17","たべもの","タテ","10","そば","信州名物の細い麺","2","1","0.5","そ○","1:P17-a9:みそ","","生活・文化知識","具体的な特徴・定義あり","ことわざ・地域の料理・季節行事の知識が手掛かり。生活圏による差はあり得る。","","登録した候補内では同文字数の自然な別解なし","最大でも1文字。用語未想起の救済は限定的","","未測定（本人プレイなし）"
"P18-a2","18","いえ","ヨコ","2","ろうそく","火をともす白い棒","4","2","0.5","○う○く","2:P18-d1:ほうき / 4:P18-d3:くつ","","日常語","具体的な特徴・定義あり","道具の用途から連想する短いヒント。用途だけでは複数の道具が浮かぶ場合がある。","","登録した候補内では同文字数の自然な別解なし","最大2文字。解ける交差語に依存","","未測定（本人プレイなし）"
"P18-a4","18","いえ","ヨコ","4","つくえ","勉強するときの台","3","2","0.6667","つ○え","1:P18-d3:くつ / 3:P18-d5:えんぴつ","","日常語","具体的な特徴・定義あり","道具の用途から連想する短いヒント。用途だけでは複数の道具が浮かぶ場合がある。","ですく（自然な別解・同文字数・全交差一致なし）同義の3文字。交差で区別。","自然な同文字数別解あり・全交差で除外可能","最大2文字。解ける交差語に依存","","未測定（本人プレイなし）"
"P18-a6","18","いえ","ヨコ","6","こたつ","冬にもぐる暖かい机","3","2","0.6667","○たつ","2:P18-d7:たたみ / 3:P18-d5:えんぴつ","12","生活・文化知識","具体的な特徴・定義あり","和室や昔ながらの家具の経験が手掛かり。使った経験がない人には語彙負荷がある。","","登録した候補内では同文字数の自然な別解なし","最大2文字。解ける交差語に依存","","未測定（本人プレイなし）"
"P18-a9","18","いえ","ヨコ","9","かがみ","姿をうつす","3","2","0.6667","か○み","1:P18-d8:やかん / 3:P18-d7:たたみ","5 / 12","日常語","具体的な特徴・定義あり","道具の用途から連想する短いヒント。用途だけでは複数の道具が浮かぶ場合がある。","","登録した候補内では同文字数の自然な別解なし","最大2文字。解ける交差語に依存","","未測定（本人プレイなし）"
"P18-a10","18","いえ","ヨコ","10","ふとん","寝るときに敷く","3","2","0.6667","ふ○ん","1:P18-d10:ふすま / 3:P18-d8:やかん","12","日常語","具体的な特徴・定義あり","道具の用途から連想する短いヒント。用途だけでは複数の道具が浮かぶ場合がある。","しきもの（近いが条件差あり・異文字数・全交差一致なし）敷物は広い分類。寝具の文脈と3文字で絞れる。","登録した候補内では同文字数の自然な別解なし","最大2文字。解ける交差語に依存","","未測定（本人プレイなし）"
"P18-a11","18","いえ","ヨコ","11","いす","座るための家具","2","1","0.5","○す","2:P18-d10:ふすま","","日常語","具体的な特徴・定義あり","道具の用途から連想する短いヒント。用途だけでは複数の道具が浮かぶ場合がある。","","登録した候補内では同文字数の自然な別解なし","最大でも1文字。用語未想起の救済は限定的","","未測定（本人プレイなし）"
"P18-a12","18","いえ","ヨコ","12","まど","光が入るガラス","2","1","0.5","ま○","1:P18-d10:ふすま","","日常語","具体的な特徴・定義あり","窓全体をガラスで表している換喩的なヒント。厳密な部品の説明ではないが交差まもあり、確定不具合とはしない。","","登録した候補内では同文字数の自然な別解なし","最大でも1文字。用語未想起の救済は限定的","","未測定（本人プレイなし）"
"P18-d1","18","いえ","タテ","1","ほうき","ごみを掃く道具","3","1","0.3333","○う○","2:P18-a2:ろうそく","","日常語","具体的な特徴・定義あり","道具の用途から連想する短いヒント。用途だけでは複数の道具が浮かぶ場合がある。","","登録した候補内では同文字数の自然な別解なし","最大でも1文字。用語未想起の救済は限定的","","未測定（本人プレイなし）"
"P18-d3","18","いえ","タテ","3","くつ","足にはくもの","2","2","1","くつ","1:P18-a2:ろうそく / 2:P18-a4:つくえ","12","日常語","ヒント単独では複数の道具が自然","道具の用途から連想する短いヒント。用途だけでは複数の道具が浮かぶ場合がある。","たび（自然な別解・同文字数・全交差一致なし）足にはくものに該当する2文字。交差くで除外可能。 / くつした（自然な別解・異文字数・全交差一致なし）4文字で区別。","自然な同文字数別解あり・全交差で除外可能","他の交差語を解けば全文字が得られる","","未測定（本人プレイなし）"
"P18-d5","18","いえ","タテ","5","えんぴつ","書いて消せる、木の筆記具","4","2","0.5","え○○つ","1:P18-a4:つくえ / 4:P18-a6:こたつ","12","日常語","具体的な特徴・定義あり","道具の用途から連想する短いヒント。用途だけでは複数の道具が浮かぶ場合がある。","","登録した候補内では同文字数の自然な別解なし","最大2文字。解ける交差語に依存","","未測定（本人プレイなし）"
"P18-d7","18","いえ","タテ","7","たたみ","い草で作る和室の床","3","2","0.6667","た○み","1:P18-a6:こたつ / 3:P18-a9:かがみ","","生活・文化知識","具体的な特徴・定義あり","和室や昔ながらの家具の経験が手掛かり。使った経験がない人には語彙負荷がある。","","登録した候補内では同文字数の自然な別解なし","最大2文字。解ける交差語に依存","","未測定（本人プレイなし）"
"P18-d8","18","いえ","タテ","8","やかん","お湯をわかす","3","2","0.6667","○かん","2:P18-a9:かがみ / 3:P18-a10:ふとん","5 / 12","日常語","ヒント単独では複数の道具が自然","道具の用途から連想する短いヒント。用途だけでは複数の道具が浮かぶ場合がある。","ぽっと（自然な別解・同文字数・全交差一致なし）湯を沸かすポットを連想できる。同じ3文字だが交差で区別。 / けとる（自然な別解・同文字数・全交差一致なし）同用途の別名3文字。交差で区別。","自然な同文字数別解あり・全交差で除外可能","最大2文字。解ける交差語に依存","","未測定（本人プレイなし）"
"P18-d10","18","いえ","タテ","10","ふすま","和室の仕切りの戸","3","3","1","ふすま","1:P18-a10:ふとん / 2:P18-a11:いす / 3:P18-a12:まど","12","生活・文化知識","ヒント単独では複数の道具が自然","和室や昔ながらの家具の経験が手掛かり。使った経験がない人には語彙負荷がある。","しょうじ（自然な別解・異文字数・全交差一致なし）和室の仕切りの戸という用途は重なるが4文字で区別。","登録した候補内では同文字数の自然な別解なし","他の交差語を解けば全文字が得られる","","未測定（本人プレイなし）"
"P19-a1","19","きせつ","ヨコ","1","はなみ","桜の下で楽しむ宴","3","1","0.3333","は○○","1:P19-d1:はる","","生活・文化知識","具体的な特徴・定義あり","衣服・植物・日付・行事の結び付きを使う。季節の文化に触れた経験で負荷が変わる。","","登録した候補内では同文字数の自然な別解なし","最大でも1文字。用語未想起の救済は限定的","","未測定（本人プレイなし）"
"P19-a2","19","きせつ","ヨコ","2","ほたる","夏の夜に光る虫","3","2","0.6667","○たる","2:P19-d3:たなばた / 3:P19-d1:はる","6","日常語","具体的な特徴・定義あり","季節の代表的な物や情景から連想できる。季節の全例を定義する文ではない。","","登録した候補内では同文字数の自然な別解なし","最大2文字。解ける交差語に依存","","未測定（本人プレイなし）"
"P19-a7","19","きせつ","ヨコ","7","ゆかた","夏祭りに着る","3","3","1","ゆかた","1:P19-d4:ふゆ / 2:P19-d8:かきごおり / 3:P19-d3:たなばた","6 / 13","生活・文化知識","具体的な特徴・定義あり","衣服・植物・日付・行事の結び付きを使う。季節の文化に触れた経験で負荷が変わる。","","登録した候補内では同文字数の自然な別解なし","他の交差語を解けば全文字が得られる","","未測定（本人プレイなし）"
"P19-a9","19","きせつ","ヨコ","9","まめまき","節分の行事。鬼は外","4","2","0.5","ま○○き","1:P19-d5:ひなまつり / 4:P19-d6:すすき","6","生活・文化知識","具体的な特徴・定義あり","衣服・植物・日付・行事の結び付きを使う。季節の文化に触れた経験で負荷が変わる。","","登録した候補内では同文字数の自然な別解なし","最大2文字。解ける交差語に依存","","未測定（本人プレイなし）"
"P19-a10","19","きせつ","ヨコ","10","おまつり","みこしと屋台","4","3","0.75","お○つり","1:P19-d8:かきごおり / 3:P19-d11:つきみ / 4:P19-d5:ひなまつり","13","生活・文化知識","具体的な特徴・定義あり","衣服・植物・日付・行事の結び付きを使う。季節の文化に触れた経験で負荷が変わる。","","登録した候補内では同文字数の自然な別解なし","最大3文字。解ける交差語に依存","","未測定（本人プレイなし）"
"P19-a12","19","きせつ","ヨコ","12","こいのぼり","五月の空を泳ぐ","5","1","0.2","○○○○り","5:P19-d8:かきごおり","13","生活・文化知識","具体的な特徴・定義あり","衣服・植物・日付・行事の結び付きを使う。季節の文化に触れた経験で負荷が変わる。","","登録した候補内では同文字数の自然な別解なし","最大でも1文字。用語未想起の救済は限定的","","未測定（本人プレイなし）"
"P19-a13","19","きせつ","ヨコ","13","もみじ","秋に赤くなる葉","3","1","0.3333","○み○","2:P19-d11:つきみ","","日常語","具体的な特徴・定義あり","季節の代表的な物や情景から連想できる。季節の全例を定義する文ではない。","","登録した候補内では同文字数の自然な別解なし","最大でも1文字。用語未想起の救済は限定的","","未測定（本人プレイなし）"
"P19-d1","19","きせつ","タテ","1","はる","桜の季節","2","2","1","はる","1:P19-a1:はなみ / 2:P19-a2:ほたる","","日常語","具体的な特徴・定義あり","季節の代表的な物や情景から連想できる。季節の全例を定義する文ではない。","","登録した候補内では同文字数の自然な別解なし","他の交差語を解けば全文字が得られる","","未測定（本人プレイなし）"
"P19-d3","19","きせつ","タテ","3","たなばた","七月七日、短冊に願い","4","2","0.5","た○○た","1:P19-a2:ほたる / 4:P19-a7:ゆかた","13","生活・文化知識","具体的な特徴・定義あり","衣服・植物・日付・行事の結び付きを使う。季節の文化に触れた経験で負荷が変わる。","","登録した候補内では同文字数の自然な別解なし","最大2文字。解ける交差語に依存","","未測定（本人プレイなし）"
"P19-d4","19","きせつ","タテ","4","ふゆ","雪の季節","2","1","0.5","○ゆ","2:P19-a7:ゆかた","13","日常語","具体的な特徴・定義あり","季節の代表的な物や情景から連想できる。季節の全例を定義する文ではない。","","登録した候補内では同文字数の自然な別解なし","最大でも1文字。用語未想起の救済は限定的","","未測定（本人プレイなし）"
"P19-d5","19","きせつ","タテ","5","ひなまつり","三月三日、女の子の節句","5","2","0.4","○○ま○り","3:P19-a9:まめまき / 5:P19-a10:おまつり","6 / 13","生活・文化知識","具体的な特徴・定義あり","衣服・植物・日付・行事の結び付きを使う。季節の文化に触れた経験で負荷が変わる。","","登録した候補内では同文字数の自然な別解なし","最大2文字。解ける交差語に依存","","未測定（本人プレイなし）"
"P19-d6","19","きせつ","タテ","6","すすき","月見に飾る、秋の草","3","1","0.3333","○○き","3:P19-a9:まめまき","6","生活・文化知識","具体的な特徴・定義あり","衣服・植物・日付・行事の結び付きを使う。季節の文化に触れた経験で負荷が変わる。","","登録した候補内では同文字数の自然な別解なし","最大でも1文字。用語未想起の救済は限定的","","未測定（本人プレイなし）"
"P19-d8","19","きせつ","タテ","8","かきごおり","夏の冷たい氷菓","5","3","0.6","か○○おり","1:P19-a7:ゆかた / 4:P19-a10:おまつり / 5:P19-a12:こいのぼり","6 / 13","日常語","具体的な特徴・定義あり","季節の代表的な物や情景から連想できる。季節の全例を定義する文ではない。","","登録した候補内では同文字数の自然な別解なし","最大3文字。解ける交差語に依存","","未測定（本人プレイなし）"
"P19-d11","19","きせつ","タテ","11","つきみ","秋の夜、だんごを供えて","3","2","0.6667","つ○み","1:P19-a10:おまつり / 3:P19-a13:もみじ","6 / 13","生活・文化知識","具体的な特徴・定義あり","衣服・植物・日付・行事の結び付きを使う。季節の文化に触れた経験で負荷が変わる。","","登録した候補内では同文字数の自然な別解なし","最大2文字。解ける交差語に依存","","未測定（本人プレイなし）"
"P20-a2","20","どうぶつ","ヨコ","2","うさぎ","長い耳、ぴょんと跳ねる","3","2","0.6667","う○ぎ","1:P20-d2:うま / 3:P20-d1:やぎ","2 / 8 / 15","日常語","具体的な特徴・定義あり","姿・鳴き声・生息場面などで動物を連想できる。生態の全例を定義する文ではない。","","登録した候補内では同文字数の自然な別解なし","最大2文字。解ける交差語に依存","","未測定（本人プレイなし）"
"P20-a3","20","どうぶつ","ヨコ","3","くま","冬眠する大きな動物","2","2","1","くま","1:P20-d3:くじら / 2:P20-d2:うま","2 / 8 / 15","日常語","具体的な特徴・定義あり","姿・鳴き声・生息場面などで動物を連想できる。生態の全例を定義する文ではない。","","登録した候補内では同文字数の自然な別解なし","他の交差語を解けば全文字が得られる","","未測定（本人プレイなし）"
"P20-a4","20","どうぶつ","ヨコ","4","あざらし","氷の上でごろり、海の動物","4","2","0.5","○○らし","3:P20-d3:くじら / 4:P20-d5:しか","8 / 15","日常語","具体的な特徴・定義あり","姿・鳴き声・生息場面などで動物を連想できる。生態の全例を定義する文ではない。","","登録した候補内では同文字数の自然な別解なし","最大2文字。解ける交差語に依存","","未測定（本人プレイなし）"
"P20-a6","20","どうぶつ","ヨコ","6","いぬ","ワンと鳴く、人の友","2","1","0.5","い○","1:P20-d6:いるか","15","日常語","具体的な特徴・定義あり","姿・鳴き声・生息場面などで動物を連想できる。生態の全例を定義する文ではない。","","登録した候補内では同文字数の自然な別解なし","最大でも1文字。用語未想起の救済は限定的","","未測定（本人プレイなし）"
"P20-a7","20","どうぶつ","ヨコ","7","かえる","ケロケロ鳴く。おたまじゃくしが育つ","3","2","0.6667","か○る","1:P20-d5:しか / 3:P20-d6:いるか","8 / 15","日常語","具体的な特徴・定義あり","姿・鳴き声・生息場面などで動物を連想できる。生態の全例を定義する文ではない。","","登録した候補内では同文字数の自然な別解なし","最大2文字。解ける交差語に依存","","未測定（本人プレイなし）"
"P20-a8","20","どうぶつ","ヨコ","8","かめ","甲羅を背負う。うさぎと競走","2","1","0.5","か○","1:P20-d6:いるか","","生活・文化知識","具体的な特徴・定義あり","歌・奈良公園・昔話を手掛かりにするため、その文化的連想を知っていることが助けになる。","","登録した候補内では同文字数の自然な別解なし","最大でも1文字。用語未想起の救済は限定的","","未測定（本人プレイなし）"
"P20-d1","20","どうぶつ","タテ","1","やぎ","手紙を食べてしまう歌の動物","2","1","0.5","○ぎ","2:P20-a2:うさぎ","2 / 8 / 15","生活・文化知識","具体的な特徴・定義あり","歌・奈良公園・昔話を手掛かりにするため、その文化的連想を知っていることが助けになる。","","登録した候補内では同文字数の自然な別解なし","最大でも1文字。用語未想起の救済は限定的","","未測定（本人プレイなし）"
"P20-d2","20","どうぶつ","タテ","2","うま","競馬を走る動物","2","2","1","うま","1:P20-a2:うさぎ / 2:P20-a3:くま","2 / 8 / 15","日常語","具体的な特徴・定義あり","姿・鳴き声・生息場面などで動物を連想できる。生態の全例を定義する文ではない。","","登録した候補内では同文字数の自然な別解なし","他の交差語を解けば全文字が得られる","","未測定（本人プレイなし）"
"P20-d3","20","どうぶつ","タテ","3","くじら","海の最大の生き物。潮を吹く","3","2","0.6667","く○ら","1:P20-a3:くま / 3:P20-a4:あざらし","2 / 8 / 15","日常語","具体的な特徴・定義あり","最大という語は分類群の全個体の性質ではなく代表例の連想。潮を吹くと3文字から鯨は自然。生物学的な厳密定義とは区別。","","登録した候補内では同文字数の自然な別解なし","最大2文字。解ける交差語に依存","","未測定（本人プレイなし）"
"P20-d5","20","どうぶつ","タテ","5","しか","奈良公園でせんべいを食べる","2","2","1","しか","1:P20-a4:あざらし / 2:P20-a7:かえる","8 / 15","生活・文化知識","具体的な特徴・定義あり","歌・奈良公園・昔話を手掛かりにするため、その文化的連想を知っていることが助けになる。","","登録した候補内では同文字数の自然な別解なし","他の交差語を解けば全文字が得られる","","未測定（本人プレイなし）"
"P20-d6","20","どうぶつ","タテ","6","いるか","頭のよい海の生き物。キュイ","3","3","1","いるか","1:P20-a6:いぬ / 2:P20-a7:かえる / 3:P20-a8:かめ","8 / 15","日常語","具体的な特徴・定義あり","頭のよさ・キュイという鳴き声は主観的な連想。海の生き物と3文字を合わせて読む。科学の厳密定義としては扱わない。","","登録した候補内では同文字数の自然な別解なし","他の交差語を解けば全文字が得られる","","未測定（本人プレイなし）"
"P21-a1","21","発展・言葉","ヨコ","1","たいぎご","「出発」と「到着」のように、意味が反対の語","4","1","0.25","○○○ご","4:P21-d2:ごじ","","教科・用語知識","同義語が全交差でも残る","反意語・反義語も自然な4文字の同義語であり、語尾ごの交差だけでは区別できない。","はんいご（自然な別解・同文字数・全交差一致）NDL典拠で同義語。 / はんぎご（自然な別解・同文字数・全交差一致）NDL典拠の見出し語。 / はんたいご（自然な別解・異文字数・全交差一致なし）同義語だが5文字で文字数が違う。","自然な別解が全交差後も残る","最大でも1文字。用語未想起の救済は限定的","1","未測定（本人プレイなし）"
"P21-a4","21","発展・言葉","ヨコ","4","じゅくご","二字以上の漢字が結びついてできた語","4","2","0.5","じ○く○","1:P21-d2:ごじ / 3:P21-d3:ふくせん","","教科・用語知識","具体的な特徴・定義あり","国語の用語や本の構成の名称を想起する問題。例文・定義を知る人には特定の根拠がある。","","登録した候補内では同文字数の自然な別解なし","最大2文字。解ける交差語に依存","","未測定（本人プレイなし）"
"P21-a6","21","発展・言葉","ヨコ","6","だんらく","文章を内容のまとまりで分け、行を改めた一区切り","4","3","0.75","だん○く","1:P21-d6:だつじ / 2:P21-d3:ふくせん / 4:P21-d5:もくじ","","教科・用語知識","具体的な特徴・定義あり","国語の用語や本の構成の名称を想起する問題。例文・定義を知る人には特定の根拠がある。","","登録した候補内では同文字数の自然な別解なし","最大3文字。解ける交差語に依存","","未測定（本人プレイなし）"
"P21-a8","21","発展・言葉","ヨコ","8","じゅつご","「鳥が飛ぶ」の「飛ぶ」。どうする、を表す部分","4","2","0.5","じ○○ご","1:P21-d5:もくじ / 4:P21-d7:きご","","教科・用語知識","具体的な特徴・定義あり","国語の用語や本の構成の名称を想起する問題。例文・定義を知る人には特定の根拠がある。","","登録した候補内では同文字数の自然な別解なし","最大2文字。解ける交差語に依存","","未測定（本人プレイなし）"
"P21-a9","21","発展・言葉","ヨコ","9","てんじ","指で触れて読む、六つの点の組み合わせの文字","3","1","0.3333","○○じ","3:P21-d6:だつじ","","生活・文化知識","具体的な特徴・定義あり","読書・物語・文字の文化に関する語。定義から名称を引き出す必要がある。","","登録した候補内では同文字数の自然な別解なし","最大でも1文字。用語未想起の救済は限定的","","未測定（本人プレイなし）"
"P21-d2","21","発展・言葉","タテ","2","ごじ","誤って使われた文字。「脱字」と対で点検する","2","2","1","ごじ","1:P21-a1:たいぎご / 2:P21-a4:じゅくご","","教科・用語知識","具体的な特徴・定義あり","国語の用語や本の構成の名称を想起する問題。例文・定義を知る人には特定の根拠がある。","","登録した候補内では同文字数の自然な別解なし","他の交差語を解けば全文字が得られる","","未測定（本人プレイなし）"
"P21-d3","21","発展・言葉","タテ","3","ふくせん","物語の後の展開に備え、前もって置く手掛かり","4","2","0.5","○く○ん","2:P21-a4:じゅくご / 4:P21-a6:だんらく","","生活・文化知識","具体的な特徴・定義あり","読書・物語・文字の文化に関する語。定義から名称を引き出す必要がある。","","登録した候補内では同文字数の自然な別解なし","最大2文字。解ける交差語に依存","","未測定（本人プレイなし）"
"P21-d5","21","発展・言葉","タテ","5","もくじ","本の前の方にある、章や節とページの一覧","3","2","0.6667","○くじ","2:P21-a6:だんらく / 3:P21-a8:じゅつご","","教科・用語知識","具体的な特徴・定義あり","国語の用語や本の構成の名称を想起する問題。例文・定義を知る人には特定の根拠がある。","","登録した候補内では同文字数の自然な別解なし","最大2文字。解ける交差語に依存","","未測定（本人プレイなし）"
"P21-d6","21","発展・言葉","タテ","6","だつじ","書くべき文字が抜け落ちたもの。「誤字」と対で点検","3","2","0.6667","だ○じ","1:P21-a6:だんらく / 3:P21-a9:てんじ","","教科・用語知識","具体的な特徴・定義あり","国語の用語や本の構成の名称を想起する問題。例文・定義を知る人には特定の根拠がある。","","登録した候補内では同文字数の自然な別解なし","最大2文字。解ける交差語に依存","","未測定（本人プレイなし）"
"P21-d7","21","発展・言葉","タテ","7","きご","俳句で、春夏秋冬などの季節を示す言葉","2","1","0.5","○ご","2:P21-a8:じゅつご","","教科・用語知識","具体的な特徴・定義あり","国語の用語や本の構成の名称を想起する問題。例文・定義を知る人には特定の根拠がある。","","登録した候補内では同文字数の自然な別解なし","最大でも1文字。用語未想起の救済は限定的","","未測定（本人プレイなし）"
"P22-a3","22","発展・科学","ヨコ","3","くっせつ","光が空気から水へ進むときなど、向きを変える現象","4","2","0.5","○っ○つ","2:P22-d2:けっしょう / 4:P22-d1:せきつい","","教科・用語知識","具体的な特徴・定義あり","空気から水への境界通過という具体例で反射と区別する。単に向きが変わるという部分だけなら反射も浮かぶが全文に条件がある。","はんしゃ（ヒントで除外・同文字数・全交差一致なし）水へ進む条件が元の側へ戻る反射と違う。","登録した候補内では同文字数の自然な別解なし","最大2文字。解ける交差語に依存","","未測定（本人プレイなし）"
"P22-a4","22","発展・科学","ヨコ","4","しんどう","物体が、ある位置の周りで繰り返し動くこと","4","2","0.5","し○○う","1:P22-d4:しんけい / 4:P22-d2:けっしょう","","教科・用語知識","具体的な特徴・定義あり","理科の現象・構造と用語を対応させる知識が必要。定義や具体例から特定する形式。","おうふく（近いが条件差あり・同文字数・全交差一致なし）往復も繰返し動作だが、ある位置の周りという条件が振動を指す。","登録した候補内では同文字数の自然な別解なし","最大2文字。解ける交差語に依存","","未測定（本人プレイなし）"
"P22-a7","22","発展・科学","ヨコ","7","けつろ","空気中の水蒸気が冷え、窓などに水滴になる現象","3","1","0.3333","け○○","1:P22-d4:しんけい","","教科・用語知識","具体的な特徴・定義あり","理科の現象・構造と用語を対応させる知識が必要。定義や具体例から特定する形式。","ぎょうけつ（近いが条件差あり・異文字数・全交差一致なし）凝結は気体から液体への変化一般。窓の水滴と3文字で結露を示す。","登録した候補内では同文字数の自然な別解なし","最大でも1文字。用語未想起の救済は限定的","","未測定（本人プレイなし）"
"P22-a8","22","発展・科学","ヨコ","8","こうごうせい","植物が光を使い、二酸化炭素と水から養分を作る働き","6","3","0.5","○う○う○い","2:P22-d5:じょうはつ / 4:P22-d6:ちゅうわ / 6:P22-d4:しんけい","","教科・用語知識","具体的な特徴・定義あり","理科の現象・構造と用語を対応させる知識が必要。定義や具体例から特定する形式。","","登録した候補内では同文字数の自然な別解なし","最大3文字。解ける交差語に依存","","未測定（本人プレイなし）"
"P22-a9","22","発展・科学","ヨコ","9","はつが","種子から芽や根が出て、成長を始めること","3","1","0.3333","○つ○","2:P22-d5:じょうはつ","","教科・用語知識","具体的な特徴・定義あり","理科の現象・構造と用語を対応させる知識が必要。定義や具体例から特定する形式。","","登録した候補内では同文字数の自然な別解なし","最大でも1文字。用語未想起の救済は限定的","","未測定（本人プレイなし）"
"P22-d1","22","発展・科学","タテ","1","せきつい","背骨のこと。「○○動物」の分類名にも使う","4","1","0.25","○○つ○","3:P22-a3:くっせつ","","教科・用語知識","具体的な特徴・定義あり","背骨という日常語と動物分類名の穴埋めが併記されており、専門語だけの説明より想起しやすい。","せぼね（自然な別解・異文字数・全交差一致なし）明示された別名だが文字数・分類名の条件で区別。","登録した候補内では同文字数の自然な別解なし","最大でも1文字。用語未想起の救済は限定的","","未測定（本人プレイなし）"
"P22-d2","22","発展・科学","タテ","2","けっしょう","粒子が規則正しく並んだ固体。雪や水晶もこれ","5","2","0.4","○っ○○う","2:P22-a3:くっせつ / 5:P22-a4:しんどう","","教科・用語知識","具体的な特徴・定義あり","理科の現象・構造と用語を対応させる知識が必要。定義や具体例から特定する形式。","","登録した候補内では同文字数の自然な別解なし","最大2文字。解ける交差語に依存","","未測定（本人プレイなし）"
"P22-d4","22","発展・科学","タテ","4","しんけい","体内で刺激や命令を伝える、細胞の連絡網","4","3","0.75","し○けい","1:P22-a4:しんどう / 3:P22-a7:けつろ / 4:P22-a8:こうごうせい","","教科・用語知識","具体的な特徴・定義あり","理科の現象・構造と用語を対応させる知識が必要。定義や具体例から特定する形式。","","登録した候補内では同文字数の自然な別解なし","最大3文字。解ける交差語に依存","","未測定（本人プレイなし）"
"P22-d5","22","発展・科学","タテ","5","じょうはつ","液体の表面から、気体になって出ていく変化","5","2","0.4","○○う○つ","3:P22-a8:こうごうせい / 5:P22-a9:はつが","","教科・用語知識","具体的な特徴・定義あり","理科の現象・構造と用語を対応させる知識が必要。定義や具体例から特定する形式。","","登録した候補内では同文字数の自然な別解なし","最大2文字。解ける交差語に依存","","未測定（本人プレイなし）"
"P22-d6","22","発展・科学","タテ","6","ちゅうわ","酸とアルカリが互いの性質を打ち消し合う反応","4","1","0.25","○○う○","3:P22-a8:こうごうせい","","教科・用語知識","具体的な特徴・定義あり","理科の現象・構造と用語を対応させる知識が必要。定義や具体例から特定する形式。","","登録した候補内では同文字数の自然な別解なし","最大でも1文字。用語未想起の救済は限定的","","未測定（本人プレイなし）"
"P23-a2","23","発展・地理","ヨコ","2","さんみゃく","山々が、長い列をなして連なる地形","5","1","0.2","○ん○○○","2:P23-d1:さんかくす","","教科・用語知識","具体的な特徴・定義あり","地形・地図・地学現象の定義から用語を想起する形式。経験だけでは名称を導けない場合がある。","","登録した候補内では同文字数の自然な別解なし","最大でも1文字。用語未想起の救済は限定的","","未測定（本人プレイなし）"
"P23-a4","23","発展・地理","ヨコ","4","しんしょく","流水や風などが、地表を削り取る働き","5","2","0.4","○ん○○く","2:P23-d3:ぶんすいれい / 5:P23-d1:さんかくす","","教科・用語知識","具体的な特徴・定義あり","地形・地図・地学現象の定義から用語を想起する形式。経験だけでは名称を導けない場合がある。","","登録した候補内では同文字数の自然な別解なし","最大2文字。解ける交差語に依存","","未測定（本人プレイなし）"
"P23-a6","23","発展・地理","ヨコ","6","すいへいせん","遠くで、海の面と空が接して見える線","6","3","0.5","す○へ○せ○","1:P23-d1:さんかくす / 3:P23-d7:へいや / 5:P23-d5:きせつふう","","教科・用語知識","具体的な特徴・定義あり","地形・地図・地学現象の定義から用語を想起する形式。経験だけでは名称を導けない場合がある。","","登録した候補内では同文字数の自然な別解なし","最大3文字。解ける交差語に依存","","未測定（本人プレイなし）"
"P23-a8","23","発展・地理","ヨコ","8","すいげん","川の水が流れ始める、もととなる場所","4","1","0.25","○い○○","2:P23-d3:ぶんすいれい","","教科・用語知識","具体的な特徴・定義あり","地形・地図・地学現象の定義から用語を想起する形式。経験だけでは名称を導けない場合がある。","","登録した候補内では同文字数の自然な別解なし","最大でも1文字。用語未想起の救済は限定的","","未測定（本人プレイなし）"
"P23-a9","23","発展・地理","ヨコ","9","けいど","本初子午線を零度とし、東西の位置を表す角度","3","1","0.3333","○い○","2:P23-d3:ぶんすいれい","","教科・用語知識","具体的な特徴・定義あり","本初子午線という難しい語に加えて東西という方向を明示し、緯度との区別ができる。","いど（ヒントで除外・異文字数・全交差一致なし）南北ではなく東西と明示。文字数も違う。","登録した候補内では同文字数の自然な別解なし","最大でも1文字。用語未想起の救済は限定的","","未測定（本人プレイなし）"
"P23-a10","23","発展・地理","ヨコ","10","こうげん","標高が高い所に、比較的平らに広がる土地","4","1","0.25","○う○○","2:P23-d5:きせつふう","","教科・用語知識","具体的な特徴・定義あり","地形・地図・地学現象の定義から用語を想起する形式。経験だけでは名称を導けない場合がある。","","登録した候補内では同文字数の自然な別解なし","最大でも1文字。用語未想起の救済は限定的","","未測定（本人プレイなし）"
"P23-d1","23","発展・地理","タテ","1","さんかくす","川の河口に土砂がたまり、枝分かれした川が流れる地形","5","3","0.6","○ん○くす","2:P23-a2:さんみゃく / 4:P23-a4:しんしょく / 5:P23-a6:すいへいせん","","教科・用語知識","具体的な特徴・定義あり","地形・地図・地学現象の定義から用語を想起する形式。経験だけでは名称を導けない場合がある。","","登録した候補内では同文字数の自然な別解なし","最大3文字。解ける交差語に依存","","未測定（本人プレイなし）"
"P23-d3","23","発展・地理","タテ","3","ぶんすいれい","雨水が別々の川へ流れる、流域の境となる尾根","6","3","0.5","○ん○い○い","2:P23-a4:しんしょく / 4:P23-a8:すいげん / 6:P23-a9:けいど","","教科・用語知識","具体的な特徴・定義あり","流域の境となる尾根という定義が明確。単語を知らない場合の知識負荷は高めという主観的懸念。3交差もあるため改訂を優先しない。","ぶんすいかい（近いが条件差あり・同文字数・全交差一致）分水界は流域境界一般。ヒントの尾根が分水嶺を選ぶ手掛かり。","登録した候補内では同文字数の自然な別解なし","最大3文字。解ける交差語に依存","","未測定（本人プレイなし）"
"P23-d5","23","発展・地理","タテ","5","きせつふう","夏と冬で、主な向きが入れ替わる風","5","2","0.4","○せ○○う","2:P23-a6:すいへいせん / 5:P23-a10:こうげん","","教科・用語知識","具体的な特徴・定義あり","地形・地図・地学現象の定義から用語を想起する形式。経験だけでは名称を導けない場合がある。","","登録した候補内では同文字数の自然な別解なし","最大2文字。解ける交差語に依存","","未測定（本人プレイなし）"
"P23-d7","23","発展・地理","タテ","7","へいや","起伏が小さく広がる、標高の低い陸地","3","1","0.3333","へ○○","1:P23-a6:すいへいせん","","教科・用語知識","具体的な特徴・定義あり","地形・地図・地学現象の定義から用語を想起する形式。経験だけでは名称を導けない場合がある。","","登録した候補内では同文字数の自然な別解なし","最大でも1文字。用語未想起の救済は限定的","","未測定（本人プレイなし）"
"P24-a2","24","発展・数と論理","ヨコ","2","かてい","「もしＡならばＢ」の、Ａに当たる条件","3","1","0.3333","○て○","2:P24-d3:てんたいしょう","","教科・用語知識","具体的な特徴・定義あり","算数・数学・論理の定義と用語の対応が必要。文字数ではなく用語への親しみが負荷を左右する。","","登録した候補内では同文字数の自然な別解なし","最大でも1文字。用語未想起の救済は限定的","","未測定（本人プレイなし）"
"P24-a6","24","発展・数と論理","ヨコ","6","たいかくせん","多角形で、隣り合わない頂点同士を結ぶ線分","6","3","0.5","た○○く○ん","1:P24-d3:てんたいしょう / 4:P24-d4:ぎゃく / 6:P24-d1:さいひんち","","教科・用語知識","具体的な特徴・定義あり","算数・数学・論理の定義と用語の対応が必要。文字数ではなく用語への親しみが負荷を左右する。","","登録した候補内では同文字数の自然な別解なし","最大3文字。解ける交差語に依存","","未測定（本人プレイなし）"
"P24-a7","24","発展・数と論理","ヨコ","7","せんたいしょう","一本の直線で折ると、両側がぴったり重なること","7","2","0.2857","○ん○○し○○","2:P24-d5:けつろん / 5:P24-d3:てんたいしょう","","教科・用語知識","具体的な特徴・定義あり","算数・数学・論理の定義と用語の対応が必要。文字数ではなく用語への親しみが負荷を左右する。","","登録した候補内では同文字数の自然な別解なし","最大2文字。解ける交差語に依存","","未測定（本人プレイなし）"
"P24-a9","24","発展・数と論理","ヨコ","9","すうちょくせん","数を、一定の目盛りで一直線上に表したもの","7","2","0.2857","○う○○○○ん","2:P24-d3:てんたいしょう / 7:P24-d8:はんれい","","教科・用語知識","具体的な特徴・定義あり","一定の目盛り・一直線という定義は具体的。28面では全交差でも末尾んだけなので、用語を忘れた人への救済は弱い。7文字だから難しいとは断定しない。","","登録した候補内では同文字数の自然な別解なし","最大2文字。解ける交差語に依存","","未測定（本人プレイなし）"
"P24-a10","24","発展・数と論理","ヨコ","10","めいだい","正しいか誤りかを、はっきり判定できる文","4","1","0.25","○○○い","4:P24-d8:はんれい","","教科・用語知識","具体的な特徴・定義あり","真偽を判定できる文という定義は具体的。ただし数学的な文と日常の文章の違いを知る必要があり、24・28面とも交差は末尾いのみ。","","登録した候補内では同文字数の自然な別解なし","最大でも1文字。用語未想起の救済は限定的","","未測定（本人プレイなし）"
"P24-d1","24","発展・数と論理","タテ","1","さいひんち","資料の中で、最も多く現れる値","5","1","0.2","○○○ん○","4:P24-a6:たいかくせん","","教科・用語知識","具体的な特徴・定義あり","最も多く現れる値という定義で中央値や平均と区別できる。交差1文字でも定義が明瞭なら不公平としない。","ちゅうおうち（ヒントで除外・異文字数・全交差一致なし）大小順の中央ではなく頻度が条件。 / もーど（自然な別解・異文字数・全交差一致なし）統計の別名だが文字数が異なる。","登録した候補内では同文字数の自然な別解なし","最大でも1文字。用語未想起の救済は限定的","","未測定（本人プレイなし）"
"P24-d3","24","発展・数と論理","タテ","3","てんたいしょう","ある点の周りに百八十度回すと、元に重なること","7","4","0.5714","て○た○し○う","1:P24-a2:かてい / 3:P24-a6:たいかくせん / 5:P24-a7:せんたいしょう / 7:P24-a9:すうちょくせん","","教科・用語知識","具体的な特徴・定義あり","算数・数学・論理の定義と用語の対応が必要。文字数ではなく用語への親しみが負荷を左右する。","","登録した候補内では同文字数の自然な別解なし","最大4文字。解ける交差語に依存","","未測定（本人プレイなし）"
"P24-d4","24","発展・数と論理","タテ","4","ぎゃく","命題「ＡならばＢ」に対する「ＢならばＡ」","3","1","0.3333","○○く","3:P24-a6:たいかくせん","","教科・用語知識","具体的な特徴・定義あり","算数・数学・論理の定義と用語の対応が必要。文字数ではなく用語への親しみが負荷を左右する。","","登録した候補内では同文字数の自然な別解なし","最大でも1文字。用語未想起の救済は限定的","","未測定（本人プレイなし）"
"P24-d5","24","発展・数と論理","タテ","5","けつろん","推論や議論を経て、最後に導かれた判断","4","1","0.25","○○○ん","4:P24-a7:せんたいしょう","","教科・用語知識","具体的な特徴・定義あり","算数・数学・論理の定義と用語の対応が必要。文字数ではなく用語への親しみが負荷を左右する。","","登録した候補内では同文字数の自然な別解なし","最大でも1文字。用語未想起の救済は限定的","","未測定（本人プレイなし）"
"P24-d8","24","発展・数と論理","タテ","8","はんれい","「すべて正しい」という主張を崩す、一つの具体例","4","2","0.5","○ん○い","2:P24-a9:すうちょくせん / 4:P24-a10:めいだい","","教科・用語知識","具体的な特徴・定義あり","全称的な主張を崩す具体例という狙いは読める。「すべて正しい」は数学の全称命題の厳密な定式化ではないが、現時点で確定不具合とはしない。","はんしょう（近いが条件差あり・異文字数・全交差一致なし）反証は否定する証拠や論証一般。具体例と4文字で反例へ絞れる。","登録した候補内では同文字数の自然な別解なし","最大2文字。解ける交差語に依存","","未測定（本人プレイなし）"
"P25-a2","25","発展・言葉","ヨコ","2","すじがき","物語の出来事を、順を追って短くまとめたもの","4","3","0.75","すじ○き","1:P25-d2:すいこう / 2:P25-d1:こじ / 4:P25-d3:きご","","生活・文化知識","ヒント単独では類義語も自然","短くまとめたものは「あらすじ」も自然な4文字。交差で区別できるが、先に答えると書き損じになる。","あらすじ（自然な別解・同文字数・全交差一致なし）漢字ペディアの粗筋の語義と現ヒントが重なる。 / こうがい（自然な別解・同文字数・全交差一致なし）梗概も物語の大要だが、この表現からの想起頻度は未測定。","自然な同文字数別解あり・全交差で除外可能","最大3文字。解ける交差語に依存","3","未測定（本人プレイなし）"
"P25-a4","25","発展・言葉","ヨコ","4","ごじ","誤って使われた文字。「脱字」と対で点検する","2","1","0.5","ご○","1:P25-d3:きご","21","教科・用語知識","具体的な特徴・定義あり","国語の用語や本の構成の名称を想起する問題。例文・定義を知る人には特定の根拠がある。","","登録した候補内では同文字数の自然な別解なし","最大でも1文字。用語未想起の救済は限定的","","未測定（本人プレイなし）"
"P25-a6","25","発展・言葉","ヨコ","6","こうせい","原稿と照らし、誤字や印刷の誤りを直す作業","4","2","0.5","○う○い","2:P25-d2:すいこう / 4:P25-d5:かいぶん","","教科・用語知識","具体的な特徴・定義あり","原稿と照らす・印刷の誤りの条件で校正を示す。訂正はより広い作業、校訂も近い語なので交差を合わせて判断。","ていせい（近いが条件差あり・同文字数・全交差一致なし）訂正は誤りを正す一般的作業。印刷・原稿照合が校正を示す。 / こうてい（近いが条件差あり・同文字数・全交差一致）校訂も誤りを正す語だが本文の比較検討を含み、印刷の誤り点検とは焦点が異なる。","登録した候補内では同文字数の自然な別解なし","最大2文字。解ける交差語に依存","","未測定（本人プレイなし）"
"P25-a7","25","発展・言葉","ヨコ","7","たいげんどめ","文の終わりを、名詞などの体言で締める表現","6","2","0.3333","○い○ん○○","2:P25-d8:いんよう / 4:P25-d5:かいぶん","","教科・用語知識","具体的な特徴・定義あり","体言という語自体を知らなくても名詞の説明が添えられている。語彙負荷はあるが定義は具体的で維持する候補。","","登録した候補内では同文字数の自然な別解なし","最大2文字。解ける交差語に依存","","未測定（本人プレイなし）"
"P25-a10","25","発展・言葉","ヨコ","10","ようやく","長い文章の要点を、短くまとめること","4","2","0.5","○う○く","2:P25-d8:いんよう / 4:P25-d9:もくじ","","教科・用語知識","具体的な特徴・定義あり","国語の用語や本の構成の名称を想起する問題。例文・定義を知る人には特定の根拠がある。","","登録した候補内では同文字数の自然な別解なし","最大2文字。解ける交差語に依存","","未測定（本人プレイなし）"
"P25-a11","25","発展・言葉","ヨコ","11","じゅくご","二字以上の漢字が結びついてできた語","4","1","0.25","じ○○○","1:P25-d9:もくじ","21","教科・用語知識","具体的な特徴・定義あり","国語の用語や本の構成の名称を想起する問題。例文・定義を知る人には特定の根拠がある。","","登録した候補内では同文字数の自然な別解なし","最大でも1文字。用語未想起の救済は限定的","","未測定（本人プレイなし）"
"P25-d1","25","発展・言葉","タテ","1","こじ","昔の出来事に由来する言葉は「○○成語」","2","1","0.5","○じ","2:P25-a2:すじがき","","教科・用語知識","具体的な特徴・定義あり","国語の用語や本の構成の名称を想起する問題。例文・定義を知る人には特定の根拠がある。","","登録した候補内では同文字数の自然な別解なし","最大でも1文字。用語未想起の救済は限定的","","未測定（本人プレイなし）"
"P25-d2","25","発展・言葉","タテ","2","すいこう","文章の表現や構成を、何度も練り直すこと","4","2","0.5","す○○う","1:P25-a2:すじがき / 4:P25-a6:こうせい","","教科・用語知識","具体的な特徴・定義あり","表現・構成を何度も練り直すという条件で、誤字の点検である校正と区別。","こうせい（ヒントで除外・同文字数・全交差一致なし）表現・構成を練ることと誤植点検を区別している。","登録した候補内では同文字数の自然な別解なし","最大2文字。解ける交差語に依存","","未測定（本人プレイなし）"
"P25-d3","25","発展・言葉","タテ","3","きご","俳句で、春夏秋冬などの季節を示す言葉","2","2","1","きご","1:P25-a2:すじがき / 2:P25-a4:ごじ","21","教科・用語知識","具体的な特徴・定義あり","国語の用語や本の構成の名称を想起する問題。例文・定義を知る人には特定の根拠がある。","","登録した候補内では同文字数の自然な別解なし","他の交差語を解けば全文字が得られる","","未測定（本人プレイなし）"
"P25-d5","25","発展・言葉","タテ","5","かいぶん","「たけやぶやけた」のように、逆から読んでも同じ文","4","2","0.5","○い○ん","2:P25-a6:こうせい / 4:P25-a7:たいげんどめ","","教科・用語知識","具体的な特徴・定義あり","国語の用語や本の構成の名称を想起する問題。例文・定義を知る人には特定の根拠がある。","","登録した候補内では同文字数の自然な別解なし","最大2文字。解ける交差語に依存","","未測定（本人プレイなし）"
"P25-d8","25","発展・言葉","タテ","8","いんよう","他人の文章を、出典を示して自分の文に引くこと","4","2","0.5","い○○う","1:P25-a7:たいげんどめ / 4:P25-a10:ようやく","","教科・用語知識","具体的な特徴・定義あり","国語の用語や本の構成の名称を想起する問題。例文・定義を知る人には特定の根拠がある。","","登録した候補内では同文字数の自然な別解なし","最大2文字。解ける交差語に依存","","未測定（本人プレイなし）"
"P25-d9","25","発展・言葉","タテ","9","もくじ","本の前の方にある、章や節とページの一覧","3","2","0.6667","○くじ","2:P25-a10:ようやく / 3:P25-a11:じゅくご","21","教科・用語知識","具体的な特徴・定義あり","国語の用語や本の構成の名称を想起する問題。例文・定義を知る人には特定の根拠がある。","","登録した候補内では同文字数の自然な別解なし","最大2文字。解ける交差語に依存","","未測定（本人プレイなし）"
"P26-a2","26","発展・科学","ヨコ","2","はんしゃ","光や音が、境界面に当たって元の側へ戻ること","4","2","0.5","は○し○","1:P26-d2:はつが / 3:P26-d3:しんくう","","教科・用語知識","具体的な特徴・定義あり","理科の現象・構造と用語を対応させる知識が必要。定義や具体例から特定する形式。","","登録した候補内では同文字数の自然な別解なし","最大2文字。解ける交差語に依存","","未測定（本人プレイなし）"
"P26-a4","26","発展・科学","ヨコ","4","じょうはつ","液体の表面から、気体になって出ていく変化","5","3","0.6","じ○う○つ","1:P26-d4:じゅふん / 3:P26-d1:ちゅうわ / 5:P26-d2:はつが","22","教科・用語知識","具体的な特徴・定義あり","理科の現象・構造と用語を対応させる知識が必要。定義や具体例から特定する形式。","","登録した候補内では同文字数の自然な別解なし","最大3文字。解ける交差語に依存","","未測定（本人プレイなし）"
"P26-a5","26","発展・科学","ヨコ","5","さんか","物質が酸素と結びつくこと。鉄がさびる反応も一例","3","2","0.6667","○んか","2:P26-d4:じゅふん / 3:P26-d6:かせき","","教科・用語知識","具体的な特徴・定義あり","酸素との結合という学校理科での説明と鉄のさびの例。電子移動による一般化まで要求する問題とは読み取らず、簡略な定義を誤りとは扱わない。","","登録した候補内では同文字数の自然な別解なし","最大2文字。解ける交差語に依存","","未測定（本人プレイなし）"
"P26-a9","26","発展・科学","ヨコ","9","きょうめい","同じ振動数の音に応じ、別の物体も強く振動すること","5","3","0.6","き○う○い","1:P26-d6:かせき / 3:P26-d7:ぎょうこ / 5:P26-d8:たいりゅう","","教科・用語知識","音の文脈はあるが同義用語あり","音の文脈では共鳴が適切。共振も同じ現象を指せるため、知識がある人の別表現を誤答にする余地がある。交差末尾いで区別可能。","きょうしん（自然な別解・同文字数・全交差一致なし）日本物理教育学会の用語集は共振・共鳴を同義とし、音響では共鳴と記す。","自然な同文字数別解あり・全交差で除外可能","最大3文字。解ける交差語に依存","","未測定（本人プレイなし）"
"P26-a10","26","発展・科学","ヨコ","10","でんどう","熱が物質の中を伝わること。対流・放射と並ぶ","4","1","0.25","○○○う","4:P26-d8:たいりゅう","","教科・用語知識","具体的な特徴・定義あり","熱・対流・放射と対にすることで電気の伝導から絞る。熱伝導という長い呼び方は文字数で除外され、書き損じにはならない。","ねつでんどう（自然な別解・異文字数・全交差一致なし）熱伝導という完全な呼び方だが6文字。","登録した候補内では同文字数の自然な別解なし","最大でも1文字。用語未想起の救済は限定的","","未測定（本人プレイなし）"
"P26-d1","26","発展・科学","タテ","1","ちゅうわ","酸とアルカリが互いの性質を打ち消し合う反応","4","1","0.25","○○う○","3:P26-a4:じょうはつ","22","教科・用語知識","具体的な特徴・定義あり","理科の現象・構造と用語を対応させる知識が必要。定義や具体例から特定する形式。","","登録した候補内では同文字数の自然な別解なし","最大でも1文字。用語未想起の救済は限定的","","未測定（本人プレイなし）"
"P26-d2","26","発展・科学","タテ","2","はつが","種子から芽や根が出て、成長を始めること","3","2","0.6667","はつ○","1:P26-a2:はんしゃ / 2:P26-a4:じょうはつ","22","教科・用語知識","具体的な特徴・定義あり","理科の現象・構造と用語を対応させる知識が必要。定義や具体例から特定する形式。","","登録した候補内では同文字数の自然な別解なし","最大2文字。解ける交差語に依存","","未測定（本人プレイなし）"
"P26-d3","26","発展・科学","タテ","3","しんくう","空気などの気体が、ほとんどない状態","4","1","0.25","し○○○","1:P26-a2:はんしゃ","","教科・用語知識","具体的な特徴・定義あり","理科の現象・構造と用語を対応させる知識が必要。定義や具体例から特定する形式。","","登録した候補内では同文字数の自然な別解なし","最大でも1文字。用語未想起の救済は限定的","","未測定（本人プレイなし）"
"P26-d4","26","発展・科学","タテ","4","じゅふん","花粉が、めしべの柱頭につくこと","4","2","0.5","じ○○ん","1:P26-a4:じょうはつ / 4:P26-a5:さんか","","教科・用語知識","具体的な特徴・定義あり","理科の現象・構造と用語を対応させる知識が必要。定義や具体例から特定する形式。","","登録した候補内では同文字数の自然な別解なし","最大2文字。解ける交差語に依存","","未測定（本人プレイなし）"
"P26-d6","26","発展・科学","タテ","6","かせき","昔の生物の体や足跡などが、地層の中に残ったもの","3","2","0.6667","か○き","1:P26-a5:さんか / 3:P26-a9:きょうめい","","教科・用語知識","具体的な特徴・定義あり","理科の現象・構造と用語を対応させる知識が必要。定義や具体例から特定する形式。","","登録した候補内では同文字数の自然な別解なし","最大2文字。解ける交差語に依存","","未測定（本人プレイなし）"
"P26-d7","26","発展・科学","タテ","7","ぎょうこ","液体が冷やされるなどして、固体になる変化","4","1","0.25","○○う○","3:P26-a9:きょうめい","","教科・用語知識","具体的な特徴・定義あり","理科の現象・構造と用語を対応させる知識が必要。定義や具体例から特定する形式。","","登録した候補内では同文字数の自然な別解なし","最大でも1文字。用語未想起の救済は限定的","","未測定（本人プレイなし）"
"P26-d8","26","発展・科学","タテ","8","たいりゅう","温度による密度の違いで、液体や気体が流れる現象","5","2","0.4","○い○○う","2:P26-a9:きょうめい / 5:P26-a10:でんどう","","教科・用語知識","具体的な特徴・定義あり","密度差による自然対流を示している。すべての対流の必要条件を説明した定義としては狭いが、現象の例から用語を出すヒントとして成立。","","登録した候補内では同文字数の自然な別解なし","最大2文字。解ける交差語に依存","","未測定（本人プレイなし）"
"P27-a1","27","発展・地理","ヨコ","1","たいせき","水や風で運ばれた土砂が、積もること","4","1","0.25","○○せ○","3:P27-d2:せんじょうち","","教科・用語知識","具体的な特徴・定義あり","地形・地図・地学現象の定義から用語を想起する形式。経験だけでは名称を導けない場合がある。","","登録した候補内では同文字数の自然な別解なし","最大でも1文字。用語未想起の救済は限定的","","未測定（本人プレイなし）"
"P27-a5","27","発展・地理","ヨコ","5","ぼんち","周囲を山に囲まれた、平らで低い土地","3","2","0.6667","ぼ○ち","1:P27-d3:さぼう / 3:P27-d6:ちけいず","","教科・用語知識","具体的な特徴・定義あり","地形・地図・地学現象の定義から用語を想起する形式。経験だけでは名称を導けない場合がある。","","登録した候補内では同文字数の自然な別解なし","最大2文字。解ける交差語に依存","","未測定（本人プレイなし）"
"P27-a7","27","発展・地理","ヨコ","7","だんそう","地下の岩盤が割れ、両側がずれたもの","4","2","0.5","○ん○う","2:P27-d4:はんとう / 4:P27-d3:さぼう","","教科・用語知識","具体的な特徴・定義あり","地形・地図・地学現象の定義から用語を想起する形式。経験だけでは名称を導けない場合がある。","","登録した候補内では同文字数の自然な別解なし","最大2文字。解ける交差語に依存","","未測定（本人プレイなし）"
"P27-a8","27","発展・地理","ヨコ","8","かこう","川が海や湖へ流れ込む出口","3","2","0.6667","か○う","1:P27-d8:かいりゅう / 3:P27-d2:せんじょうち","","教科・用語知識","具体的な特徴・定義あり","地形・地図・地学現象の定義から用語を想起する形式。経験だけでは名称を導けない場合がある。","","登録した候補内では同文字数の自然な別解なし","最大2文字。解ける交差語に依存","","未測定（本人プレイなし）"
"P27-a9","27","発展・地理","ヨコ","9","ちきょう","二つの広い陸地をつなぐ、細長い陸地","4","3","0.75","ちき○う","1:P27-d2:せんじょうち / 2:P27-d10:きせつふう / 4:P27-d4:はんとう","","教科・用語知識","具体的な特徴・定義あり","二つの広い陸地をつなぐ細い陸地と海峡の違いが明示されている。語への馴染みは未測定だが3交差があり難語として維持する候補。","かいきょう（ヒントで除外・異文字数・全交差一致なし）海峡は水路であり、陸地という条件と異なる。","登録した候補内では同文字数の自然な別解なし","最大3文字。解ける交差語に依存","","未測定（本人プレイなし）"
"P27-a11","27","発展・地理","ヨコ","11","ふうか","岩石が、その場で温度変化や水などにより崩れること","3","1","0.3333","○う○","2:P27-d8:かいりゅう","","教科・用語知識","具体的な特徴・定義あり","地形・地図・地学現象の定義から用語を想起する形式。経験だけでは名称を導けない場合がある。","","登録した候補内では同文字数の自然な別解なし","最大でも1文字。用語未想起の救済は限定的","","未測定（本人プレイなし）"
"P27-d2","27","発展・地理","タテ","2","せんじょうち","川が山地から平地へ出る所にできる、扇形の地形","6","3","0.5","せ○○○うち","1:P27-a1:たいせき / 5:P27-a8:かこう / 6:P27-a9:ちきょう","","教科・用語知識","具体的な特徴・定義あり","地形・地図・地学現象の定義から用語を想起する形式。経験だけでは名称を導けない場合がある。","","登録した候補内では同文字数の自然な別解なし","最大3文字。解ける交差語に依存","","未測定（本人プレイなし）"
"P27-d3","27","発展・地理","タテ","3","さぼう","土砂の流出を防ぐこと。「○○ダム」はその施設","3","2","0.6667","○ぼう","2:P27-a5:ぼんち / 3:P27-a7:だんそう","","教科・用語知識","具体的な特徴・定義あり","地形・地図・地学現象の定義から用語を想起する形式。経験だけでは名称を導けない場合がある。","","登録した候補内では同文字数の自然な別解なし","最大2文字。解ける交差語に依存","","未測定（本人プレイなし）"
"P27-d4","27","発展・地理","タテ","4","はんとう","三方を海に囲まれ、陸地から突き出した部分","4","2","0.5","○ん○う","2:P27-a7:だんそう / 4:P27-a9:ちきょう","","教科・用語知識","具体的な特徴・定義あり","地形・地図・地学現象の定義から用語を想起する形式。経験だけでは名称を導けない場合がある。","","登録した候補内では同文字数の自然な別解なし","最大2文字。解ける交差語に依存","","未測定（本人プレイなし）"
"P27-d6","27","発展・地理","タテ","6","ちけいず","等高線などで、地表の起伏を詳しく表す地図","4","1","0.25","ち○○○","1:P27-a5:ぼんち","","教科・用語知識","具体的な特徴・定義あり","地形・地図・地学現象の定義から用語を想起する形式。経験だけでは名称を導けない場合がある。","","登録した候補内では同文字数の自然な別解なし","最大でも1文字。用語未想起の救済は限定的","","未測定（本人プレイなし）"
"P27-d8","27","発展・地理","タテ","8","かいりゅう","海水が、ほぼ決まった向きへ流れる大きな流れ","5","2","0.4","か○○○う","1:P27-a8:かこう / 5:P27-a11:ふうか","","教科・用語知識","具体的な特徴・定義あり","地形・地図・地学現象の定義から用語を想起する形式。経験だけでは名称を導けない場合がある。","","登録した候補内では同文字数の自然な別解なし","最大2文字。解ける交差語に依存","","未測定（本人プレイなし）"
"P27-d10","27","発展・地理","タテ","10","きせつふう","夏と冬で、主な向きが入れ替わる風","5","1","0.2","き○○○○","1:P27-a9:ちきょう","23","教科・用語知識","具体的な特徴・定義あり","地形・地図・地学現象の定義から用語を想起する形式。経験だけでは名称を導けない場合がある。","","登録した候補内では同文字数の自然な別解なし","最大でも1文字。用語未想起の救済は限定的","","未測定（本人プレイなし）"
"P28-a4","28","発展・数と論理","ヨコ","4","すいろん","分かっている事柄をもとに、結論を導くこと","4","2","0.5","○い○ん","2:P28-d2:めいだい / 4:P28-d3:はんけい","","教科・用語知識","具体的な特徴・定義あり","算数・数学・論理の定義と用語の対応が必要。文字数ではなく用語への親しみが負荷を左右する。","","登録した候補内では同文字数の自然な別解なし","最大2文字。解ける交差語に依存","","未測定（本人プレイなし）"
"P28-a5","28","発展・数と論理","ヨコ","5","すいせん","ある直線に、直角に交わるように引いた直線","4","3","0.75","○いせん","2:P28-d3:はんけい / 3:P28-d6:せっせん / 4:P28-d1:すうちょくせん","","教科・用語知識","具体的な特徴・定義あり","算数・数学・論理の定義と用語の対応が必要。文字数ではなく用語への親しみが負荷を左右する。","","登録した候補内では同文字数の自然な別解なし","最大3文字。解ける交差語に依存","","未測定（本人プレイなし）"
"P28-a9","28","発展・数と論理","ヨコ","9","くみあわせ","ものを、取り出す順序を区別せずに選ぶこと","5","3","0.6","く○あ○せ","1:P28-d7:やくすう / 3:P28-d10:あまり / 5:P28-d6:せっせん","","教科・用語知識","具体的な特徴・定義あり","算数・数学・論理の定義と用語の対応が必要。文字数ではなく用語への親しみが負荷を左右する。","","登録した候補内では同文字数の自然な別解なし","最大3文字。解ける交差語に依存","","未測定（本人プレイなし）"
"P28-a11","28","発展・数と論理","ヨコ","11","けつろん","推論や議論を経て、最後に導かれた判断","4","1","0.25","○○○ん","4:P28-d8:ぶんし","24","教科・用語知識","具体的な特徴・定義あり","算数・数学・論理の定義と用語の対応が必要。文字数ではなく用語への親しみが負荷を左右する。","","登録した候補内では同文字数の自然な別解なし","最大でも1文字。用語未想起の救済は限定的","","未測定（本人プレイなし）"
"P28-a12","28","発展・数と論理","ヨコ","12","しょう","割り算の結果。割り切れないときは余りと分けて表す","3","2","0.6667","し○う","1:P28-d8:ぶんし / 3:P28-d7:やくすう","","教科・用語知識","具体的な特徴・定義あり","算数・数学・論理の定義と用語の対応が必要。文字数ではなく用語への親しみが負荷を左右する。","","登録した候補内では同文字数の自然な別解なし","最大2文字。解ける交差語に依存","","未測定（本人プレイなし）"
"P28-d1","28","発展・数と論理","タテ","1","すうちょくせん","数を、一定の目盛りで一直線上に表したもの","7","1","0.1429","○○○○○○ん","7:P28-a5:すいせん","24","教科・用語知識","具体的な特徴・定義あり","一定の目盛り・一直線という定義は具体的。28面では全交差でも末尾んだけなので、用語を忘れた人への救済は弱い。7文字だから難しいとは断定しない。","","登録した候補内では同文字数の自然な別解なし","最大でも1文字。用語未想起の救済は限定的","","未測定（本人プレイなし）"
"P28-d2","28","発展・数と論理","タテ","2","めいだい","正しいか誤りかを、はっきり判定できる文","4","1","0.25","○○○い","4:P28-a4:すいろん","24","教科・用語知識","具体的な特徴・定義あり","真偽を判定できる文という定義は具体的。ただし数学的な文と日常の文章の違いを知る必要があり、24・28面とも交差は末尾いのみ。","","登録した候補内では同文字数の自然な別解なし","最大でも1文字。用語未想起の救済は限定的","","未測定（本人プレイなし）"
"P28-d3","28","発展・数と論理","タテ","3","はんけい","円の中心から、円周上の一点までの長さ","4","2","0.5","○ん○い","2:P28-a4:すいろん / 4:P28-a5:すいせん","","教科・用語知識","具体的な特徴・定義あり","算数・数学・論理の定義と用語の対応が必要。文字数ではなく用語への親しみが負荷を左右する。","","登録した候補内では同文字数の自然な別解なし","最大2文字。解ける交差語に依存","","未測定（本人プレイなし）"
"P28-d6","28","発展・数と論理","タテ","6","せっせん","円などの曲線に、ある点で接する直線","4","2","0.5","せ○せ○","1:P28-a5:すいせん / 3:P28-a9:くみあわせ","","教科・用語知識","具体的な特徴・定義あり","算数・数学・論理の定義と用語の対応が必要。文字数ではなく用語への親しみが負荷を左右する。","","登録した候補内では同文字数の自然な別解なし","最大2文字。解ける交差語に依存","","未測定（本人プレイなし）"
"P28-d7","28","発展・数と論理","タテ","7","やくすう","ある整数を、余りなく割り切れる整数","4","2","0.5","○く○う","2:P28-a9:くみあわせ / 4:P28-a12:しょう","","教科・用語知識","具体的な特徴・定義あり","余りなく割るという条件で倍数と区別する。正の約数だけを列挙する問題ではないため、整数の語を誤りとはしない。","ばいすう（ヒントで除外・同文字数・全交差一致なし）割る数と倍した数で関係が違う。","登録した候補内では同文字数の自然な別解なし","最大2文字。解ける交差語に依存","","未測定（本人プレイなし）"
"P28-d8","28","発展・数と論理","タテ","8","ぶんし","分数の横線の上に書く数","3","2","0.6667","○んし","2:P28-a11:けつろん / 3:P28-a12:しょう","","教科・用語知識","具体的な特徴・定義あり","算数・数学・論理の定義と用語の対応が必要。文字数ではなく用語への親しみが負荷を左右する。","","登録した候補内では同文字数の自然な別解なし","最大2文字。解ける交差語に依存","","未測定（本人プレイなし）"
"P28-d10","28","発展・数と論理","タテ","10","あまり","整数の割り算で、割り切れずに残る数","3","1","0.3333","あ○○","1:P28-a9:くみあわせ","","教科・用語知識","具体的な特徴・定義あり","算数・数学・論理の定義と用語の対応が必要。文字数ではなく用語への親しみが負荷を左右する。","","登録した候補内では同文字数の自然な別解なし","最大でも1文字。用語未想起の救済は限定的","","未測定（本人プレイなし）"
