"ゲーム","面","幅","高さ","星または語数","最初の置き済み語","基本規則で確定","基本規則の対象","基本規則で未確定","追加規則で確定","追加規則で未確定"
"星図","1","5","5","7","0","6","6","0","6","0"
"星図","2","5","5","7","0","4","8","4","4","4"
"星図","3","5","5","7","0","6","6","0","6","0"
"星図","4","5","5","7","0","6","6","0","6","0"
"星図","5","6","6","10","0","10","10","0","10","0"
"星図","6","6","6","10","0","12","12","0","12","0"
"星図","7","6","6","10","0","9","9","0","9","0"
"星図","8","6","6","10","0","10","10","0","10","0"
"活字","1","6","5","5","1","5","5","0","5","0"
"活字","2","6","6","6","0","6","6","0","6","0"
"活字","3","6","6","7","0","7","7","0","7","0"
"活字","4","6","6","7","0","7","7","0","7","0"
"活字","5","6","8","8","0","8","8","0","8","0"
"活字","6","8","5","8","0","8","8","0","8","0"
"活字","7","7","9","9","0","9","9","0","9","0"
"活字","8","8","9","9","0","9","9","0","9","0"
