night,width,height,stars,edges,crossing_pairs,digit_fixed,basic_fixed,connected_fixed,connected_unresolved,basic_crossing_reductions,connected_bridge_reductions,digit_rounds,basic_rounds,connected_rounds
9,7,7,13,14,1,14,14,14,0,0,1,6,6,5
10,7,7,13,15,3,15,15,15,0,0,2,3,3,3
11,7,7,13,13,0,13,13,13,0,0,0,4,4,4
12,7,7,13,14,1,14,14,14,0,0,3,4,4,3
13,7,7,13,14,1,14,14,14,0,0,1,4,4,3
14,7,7,13,15,3,15,15,15,0,0,1,3,3,3
15,8,8,17,19,3,11,19,19,0,3,5,6,4,4
16,8,8,17,19,4,5,19,19,0,2,5,4,5,4
17,8,8,17,21,6,21,21,21,0,3,5,7,5,4
18,8,8,17,20,5,12,12,12,8,0,0,4,4,4
19,8,8,17,21,6,17,21,21,0,2,5,6,4,4
20,8,8,17,20,3,16,20,20,0,1,1,3,4,4
21,9,9,21,25,6,25,25,25,0,3,4,4,4,4
22,9,9,21,27,8,11,27,27,0,3,4,7,7,5
23,9,9,21,27,7,15,27,27,0,2,8,4,6,4
24,9,9,21,25,3,10,13,13,12,1,2,6,6,4
25,9,9,21,26,5,10,26,26,0,4,6,5,7,7
26,9,10,25,32,9,25,32,32,0,3,3,7,7,7
27,9,10,25,34,13,10,34,34,0,7,6,3,6,5
28,9,10,25,33,15,20,33,33,0,3,6,5,6,4
29,9,10,25,32,10,28,32,32,0,6,3,5,4,4
30,9,10,25,34,17,7,34,34,0,7,7,4,9,8
