"状態","変更前の元問題","無変換後の元問題","無変換で消える線キー","同キーで座標が変わる線","変更前完成","無変換後完成","旧順既知で対応させた新面番号","次へ変更前の元問題","次へ対応後の元問題","既存ベスト","旧順既知で対応させたベスト"
"保存なし・未着手","1","1","","","false","false","1","","","{}","{}"
"第一夜クリア後・第二夜未着手","2","3","","","false","false","4","","","{""1"":10}","{""1"":10}"
"第二夜途中・正解の最初の2組だけ","2","3","0-4","0-2","false","false","4","","","{""1"":10}","{""1"":10}"
"第二夜クリア直後","2","3","0-4 / 1-3 / 2-5 / 4-6","0-2 / 0-1","true","false","4","3","5","{""1"":10,""2"":8}","{""1"":10,""4"":8}"
"第三夜途中・第二夜までクリア","3","4","","0-1 / 2-3","false","false","2","","","{""1"":10,""2"":8}","{""1"":10,""4"":8}"
"第四夜クリア直後・第一〜四夜クリア","4","2","3-4 / 1-5","0-1 / 0-2 / 2-3 / 4-6","true","false","3","5","2","{""1"":10,""2"":8,""3"":7,""4"":8}","{""1"":10,""2"":7,""3"":8,""4"":8}"
"第一〜四夜クリア後・第五夜未着手","5","5","","","false","false","5","","","{""1"":10,""2"":8,""3"":7,""4"":8}","{""1"":10,""2"":7,""3"":8,""4"":8}"
"全30夜クリア直後","30","30","","","true","true","30","1","1","{""1"":10,""2"":8,""3"":7,""4"":8,""5"":10,""6"":17,""7"":12,""8"":13,""9"":16,""10"":18,""11"":19,""12"":17,""13"":19,""14"":19,""15"":24,""16"":23,""17"":26,""18"":22,""19"":22,""20"":24,""21"":32,""22"":31,""23"":32,""24"":25,""25"":31,""26"":38,""27"":39,""28"":35,""29"":39,""30"":39}","{""1"":10,""2"":7,""3"":8,""4"":8,""5"":10,""6"":17,""7"":12,""8"":13,""9"":16,""10"":18,""11"":19,""12"":17,""13"":19,""14"":19,""15"":24,""16"":23,""17"":26,""18"":22,""19"":22,""20"":24,""21"":32,""22"":31,""23"":32,""24"":25,""25"":31,""26"":38,""27"":39,""28"":35,""29"":39,""30"":39}"
"全30夜クリア後の第一夜途中","1","1","","","false","false","1","","","{""1"":10,""2"":8,""3"":7,""4"":8,""5"":10,""6"":17,""7"":12,""8"":13,""9"":16,""10"":18,""11"":19,""12"":17,""13"":19,""14"":19,""15"":24,""16"":23,""17"":26,""18"":22,""19"":22,""20"":24,""21"":32,""22"":31,""23"":32,""24"":25,""25"":31,""26"":38,""27"":39,""28"":35,""29"":39,""30"":39}","{""1"":10,""2"":7,""3"":8,""4"":8,""5"":10,""6"":17,""7"":12,""8"":13,""9"":16,""10"":18,""11"":19,""12"":17,""13"":19,""14"":19,""15"":24,""16"":23,""17"":26,""18"":22,""19"":22,""20"":24,""21"":32,""22"":31,""23"":32,""24"":25,""25"":31,""26"":38,""27"":39,""28"":35,""29"":39,""30"":39}"
